ポケモン名(フォルム),全国,地方,ID,D,C,B,A,イーブイ,DLC,藍の円盤,碧の仮面,キタカミ図鑑,S種族,ユニーク種族値,特性1,特性2,隠れ特性,アイコン名,,,,,,,,すいすい,,
ヒトカゲ,0004,,3,O,X,X,X,X,X,X,X,X,65,65,もうか,,サンパワー,Pokémon-Icon_004,,,,,,,,タッツー,ハリーセン(原種),コダック
リザード,0005,,4,O,X,X,X,X,X,X,X,X,80,80,もうか,,サンパワー,Pokémon-Icon_005,,,,,,,,トサキント,ハリーセン(ヒスイのすがた),ゴルダック
リザードン,0006,,5,O,X,X,X,X,X,X,X,X,100,100,もうか,,サンパワー,Pokémon-Icon_006,,,,,,,,アズマオウ,ハリーマン,ニョロモ
ピカチュウ,0025,74,26,O,O,O,O,X,X,X,X,O,90,90,せいでんき,,ひらいしん,Pokémon-Icon_025,,,,,,,,コイキング,,ニョロゾ
ライチュウ(原種),0026,75,27,O,O,O,O,X,X,X,X,O,110,110,せいでんき,,ひらいしん,Pokémon-Icon_026,,,,,,,,オムナイト,,ニョロボン
ライチュウ(アローラのすがた),0026,,28,O,X,X,X,X,X,X,X,O,110,20,サーフテール,,,Pokémon-Icon_026a,,,,,,,,オムスター,,アノプス
プリン,0039,60,45,O,O,O,O,X,X,X,X,X,20,45,メロメロボディ,かちき,フレンドガード,Pokémon-Icon_039,,,,,,,,カブト,,アーマルド
プクリン,0040,61,46,O,O,O,O,X,X,X,X,X,45,95,メロメロボディ,かちき,おみとおし,Pokémon-Icon_040,,,,,,,,カブトプス,,プロトーガ
コンパン,0048,256,54,O,O,O,O,X,X,X,X,X,45,120,ふくがん,いろめがね,にげあし,Pokémon-Icon_048,,,,,,,,マンタイン,,アバゴーラ
モルフォン,0049,257,55,O,O,O,O,X,X,X,X,X,90,115,りんぷん,いろめがね,ミラクルスキン,Pokémon-Icon_049,,,,,,,,キングドラ,,ツンベアー
ディグダ(原種),0050,148,56,O,O,O,O,X,X,X,X,X,95,55,すながくれ,ありじごく,すなのちから,Pokémon-Icon_050,,,,,,,,ハスボー,,カムカメ
ディグダ(アローラのすがた),0050,,57,O,X,X,X,X,X,X,X,X,90,85,すながくれ,カーリーヘアー,すなのちから,Pokémon-Icon_050a,,,,,,,,ハスブレロ,,カジリガメ
ダグトリオ(原種),0051,149,58,O,O,O,O,X,X,X,X,X,120,70,すながくれ,ありじごく,すなのちから,Pokémon-Icon_051,,,,,,,,ルンパッパ,,
ダグトリオ(アローラのすがた),0051,,59,O,X,X,X,X,X,X,X,X,110,60,すながくれ,カーリーヘアー,すなのちから,Pokémon-Icon_051a,,,,,,,,アメタマ,,
ニャース(原種),0052,141,60,O,O,O,O,X,X,X,X,X,90,15,ものひろい,テクニシャン,きんちょうかん,Pokémon-Icon_052,,,,,,,,ヒンバス,,
ペルシアン(原種),0053,142,63,O,O,O,O,X,X,X,X,X,115,30,じゅうなん,テクニシャン,きんちょうかん,Pokémon-Icon_053,,,,,,,,ハンテール,,
ペルシアン(アローラのすがた),0053,,64,O,X,X,X,X,X,X,X,X,115,25,ファーコート,テクニシャン,びびり,Pokémon-Icon_053a,,,,,,,,サクラビス,,
コダック,0054,55,65,O,O,O,O,X,X,X,X,X,55,50,しめりけ,ノーてんき,すいすい,Pokémon-Icon_054,,,,,,,,ジーランス,,
ゴルダック,0055,56,66,O,O,O,O,X,X,X,X,X,85,40,しめりけ,ノーてんき,すいすい,Pokémon-Icon_055,,,,,,,,ラブカス,,
マンキー,0056,158,67,O,O,O,O,X,X,X,X,O,70,42,やるき,いかりのつぼ,まけんき,Pokémon-Icon_056,,,,,,,,ブイゼル,,
オコリザル,0057,159,68,O,O,O,O,X,X,X,X,O,95,67,やるき,いかりのつぼ,まけんき,Pokémon-Icon_057,,,,,,,,フローゼル,,
ガーディ(原種),0058,213,69,O,O,O,O,X,X,X,X,O,60,150,いかく,もらいび,せいぎのこころ,Pokémon-Icon_058,,,,,,,,ケイコウオ,,
ガーディ(ヒスイのすがた),0058,,70,O,X,X,X,X,X,X,X,O,55,105,いかく,もらいび,いしあたま,Pokémon-Icon_058a,,,,,,,,ネオラント,,
ウインディ(原種),0059,214,71,O,O,O,O,X,X,X,X,O,95,81,いかく,もらいび,せいぎのこころ,Pokémon-Icon_059,,,,,,,,タマンタ,,
ウインディ(ヒスイのすがた),0059,,72,O,X,X,X,X,X,X,X,O,90,48,いかく,もらいび,いしあたま,Pokémon-Icon_059a,,,,,,,,オタマロ,,
ヤドン(原種),0079,324,97,O,O,O,O,X,X,X,X,X,15,130,どんかん,マイペース,さいせいりょく,Pokémon-Icon_079,,,,,,,,ガマガル,,
ヤドン(ガラルのすがた),0079,,98,O,X,X,X,X,X,X,X,X,15,35,くいしんぼう,マイペース,さいせいりょく,Pokémon-Icon_079a,,,,,,,,ガマゲロゲ,,
ヤドラン(原種),0080,325,99,O,O,O,O,X,X,X,X,X,30,91,どんかん,マイペース,さいせいりょく,Pokémon-Icon_080,,,,,,,,サシカマス,,
ヤドラン(ガラルのすがた),0080,,100,O,X,X,X,X,X,X,X,X,30,75,クイックドロウ,マイペース,さいせいりょく,Pokémon-Icon_080a,,,,,,,,カマスジョー,,
コイル,0081,209,101,O,O,O,O,X,X,X,X,X,45,41,じりょく,がんじょう,アナライズ,Pokémon-Icon_081,,,,,,,,イダイトウ(オスのすがた),,
レアコイル,0082,210,102,O,O,O,O,X,X,X,X,X,70,51,じりょく,がんじょう,アナライズ,Pokémon-Icon_082,,,,,,,,イダイトウ(メスのすがた),,
ベトベター(原種),0088,194,109,O,O,O,O,X,X,X,X,X,25,61,あくしゅう,ねんちゃく,どくしゅ,Pokémon-Icon_088,,,,,,,,,,
ベトベター(アローラのすがた),0088,,110,O,X,X,X,X,X,X,X,X,25,97,どくしゅ,くいしんぼう,かがくのちから,Pokémon-Icon_088a,,,,,,,,,,
ベトベトン(原種),0089,195,111,O,O,O,O,X,X,X,X,X,50,34,あくしゅう,ねんちゃく,どくしゅ,Pokémon-Icon_089,,,,,,,,,,
ベトベトン(アローラのすがた),0089,,112,O,X,X,X,X,X,X,X,X,50,39,どくしゅ,くいしんぼう,かがくのちから,Pokémon-Icon_089a,,,,,,,,,,
シェルダー,0090,329,113,O,O,O,O,X,X,X,X,X,40,71,シェルアーマー,スキルリンク,ぼうじん,Pokémon-Icon_090,,,,,,,,,,
パルシェン,0091,330,114,O,O,O,O,X,X,X,X,X,70,74,シェルアーマー,スキルリンク,ぼうじん,Pokémon-Icon_091,,,,,,,,,,
ゴース,0092,68,115,O,O,O,O,X,X,X,X,O,80,84,ふゆう,,,Pokémon-Icon_092,,,,,,,,,,
ゴースト,0093,69,116,O,O,O,O,X,X,X,X,O,95,23,ふゆう,,,Pokémon-Icon_093,,,,,,,,,,
ゲンガー,0094,70,117,O,O,O,O,X,X,X,X,O,110,33,のろわれボディ,,,Pokémon-Icon_094,,,,,,,,,,
スリープ,0096,66,119,O,O,O,O,X,X,X,X,X,42,10,ふみん,よちむ,せいしんりょく,Pokémon-Icon_096,,,,,,,,,,
スリーパー,0097,67,120,O,O,O,O,X,X,X,X,X,67,82,ふみん,よちむ,せいしんりょく,Pokémon-Icon_097,,,,,,,,,,
ビリリダマ(原種),0100,207,123,O,O,O,O,X,X,X,X,X,100,102,ぼうおん,せいでんき,ゆうばく,Pokémon-Icon_100,,,,,,,,,,
ビリリダマ(ヒスイのすがた),0100,,124,O,X,X,X,X,X,X,X,X,100,32,ぼうおん,せいでんき,ゆうばく,Pokémon-Icon_100a,,,,,,,,,,
マルマイン(原種),0101,208,125,O,O,O,O,X,X,X,X,X,150,47,ぼうおん,せいでんき,ゆうばく,Pokémon-Icon_101,,,,,,,,,,
マルマイン(ヒスイのすがた),0101,,126,O,X,X,X,X,X,X,X,X,150,66,ぼうおん,せいでんき,ゆうばく,Pokémon-Icon_101a,,,,,,,,,,
ラッキー,0113,44,141,O,O,O,O,X,X,X,X,X,50,125,しぜんかいふく,てんのめぐみ,いやしのこころ,Pokémon-Icon_113,,,,,,,,,,
ストライク,0123,260,152,O,O,O,O,X,X,X,X,X,105,86,むしのしらせ,テクニシャン,ふくつのこころ,Pokémon-Icon_123,,,,,,,,,,
ケンタロス(原種),0128,223,157,O,O,O,O,X,X,X,X,X,110,77,いかく,いかりのつぼ,ちからずく,Pokémon-Icon_128,,,,,,,,,,
ケンタロス(パルデアのすがた単),0128,223,158,O,O,O,O,X,X,X,X,X,100,98,いかく,いかりのつぼ,ちからずく,Pokémon-Icon_128a,,,,,,,,,,
ケンタロス(パルデアのすがた炎),0128,223,159,O,O,O,O,X,X,X,X,X,100,92,いかく,いかりのつぼ,ちからずく,Pokémon-Icon_128b,,,,,,,,,,
ケンタロス(パルデアのすがた水),0128,223,160,O,O,O,O,X,X,X,X,X,100,57,いかく,いかりのつぼ,ちからずく,Pokémon-Icon_128c,,,,,,,,,,
コイキング,0129,134,161,O,O,O,O,X,X,X,X,O,80,38,すいすい,,びびり,Pokémon-Icon_129,,,,,,,,,,
ギャラドス,0130,135,162,O,O,O,O,X,X,X,X,O,81,58,いかく,,じしんかじょう,Pokémon-Icon_130,,,,,,,,,,
メタモン,0132,212,164,O,O,O,O,X,X,X,X,X,48,111,じゅうなん,,かわりもの,Pokémon-Icon_132,,,,,,,,,,
イーブイ,0133,179,165,O,O,O,O,O,X,X,X,X,55,121,にげあし,てきおうりょく,きけんよち,Pokémon-Icon_133,,,,,,,,,,
シャワーズ,0134,180,166,O,O,O,O,O,X,X,X,X,65,101,ちょすい,,うるおいボディ,Pokémon-Icon_134,,,,,,,,,,
サンダース,0135,181,167,O,O,O,O,O,X,X,X,X,130,64,ちくでん,,はやあし,Pokémon-Icon_135,,,,,,,,,,
ブースター,0136,182,168,O,O,O,O,O,X,X,X,X,65,73,もらいび,,こんじょう,Pokémon-Icon_136,,,,,,,,,,
フリーザー(ガラルのすがた),0144,,177,O,X,X,X,X,X,X,X,X,95,104,かちき,,,Pokémon-Icon_144a,,,,,,,,,,
フリーザー(原種),0144,,176,O,X,X,X,X,X,X,X,X,85,122,プレッシャー,,ゆきがくれ,Pokémon-Icon_144,,,,,,,,,,
サンダー(ガラルのすがた),0145,,179,O,X,X,X,X,X,X,X,X,100,62,まけんき,,,Pokémon-Icon_145a,,,,,,,,,,
サンダー(原種),0145,,178,O,X,X,X,X,X,X,X,X,100,126,プレッシャー,,せいでんき,Pokémon-Icon_145,,,,,,,,,,
ファイヤー(ガラルのすがた),0146,,181,O,X,X,X,X,X,X,X,X,90,29,ぎゃくじょう,,,Pokémon-Icon_146a,,,,,,,,,,
ファイヤー(原種),0146,,180,O,X,X,X,X,X,X,X,X,90,89,プレッシャー,,ほのおのからだ,Pokémon-Icon_146,,,,,,,,,,
ミニリュウ,0147,347,182,O,O,O,O,X,X,X,X,X,50,72,だっぴ,,ふしぎなうろこ,Pokémon-Icon_147,,,,,,,,,,
ハクリュー,0148,348,183,O,O,O,O,X,X,X,X,X,70,106,だっぴ,,ふしぎなうろこ,Pokémon-Icon_148,,,,,,,,,,
カイリュー,0149,349,184,O,O,O,O,X,X,X,X,X,80,52,せいしんりょく,,マルチスケイル,Pokémon-Icon_149,,,,,,,,,,
ヒノアラシ,0155,,190,O,X,X,X,X,X,X,X,X,65,68,もうか,,もらいび,Pokémon-Icon_155,,,,,,,,,,
マグマラシ,0156,,191,O,X,X,X,X,X,X,X,X,80,44,もうか,,もらいび,Pokémon-Icon_156,,,,,,,,,,
バクフーン(ヒスイのすがた),0157,,193,O,X,X,X,X,X,X,X,X,95,59,もうか,,おみとおし,Pokémon-Icon_157a,,,,,,,,,,
バクフーン(原種),0157,,192,O,X,X,X,X,X,X,X,X,100,118,もうか,,もらいび,Pokémon-Icon_157,,,,,,,,,,
ピチュー,0172,73,208,O,O,O,O,X,X,X,X,O,60,28,せいでんき,,ひらいしん,Pokémon-Icon_172,,,,,,,,,,
ププリン,0174,59,210,O,O,O,O,X,X,X,X,X,15,123,メロメロボディ,かちき,フレンドガード,Pokémon-Icon_174,,,,,,,,,,
メリープ,0179,101,215,O,O,O,O,X,X,X,X,X,35,63,せいでんき,,プラス,Pokémon-Icon_179,,,,,,,,,,
モココ,0180,102,216,O,O,O,O,X,X,X,X,X,45,43,せいでんき,,プラス,Pokémon-Icon_180,,,,,,,,,,
デンリュウ,0181,103,217,O,O,O,O,X,X,X,X,X,55,93,せいでんき,,プラス,Pokémon-Icon_181,,,,,,,,,,
マリル,0183,47,219,O,O,O,O,X,X,X,X,X,40,112,あついしぼう,ちからもち,そうしょく,Pokémon-Icon_183,,,,,,,,,,
マリルリ,0184,48,220,O,O,O,O,X,X,X,X,X,50,117,あついしぼう,ちからもち,そうしょく,Pokémon-Icon_184,,,,,,,,,,
ウソッキー,0185,88,221,O,O,O,O,X,X,X,X,O,30,96,がんじょう,いしあたま,びびり,Pokémon-Icon_185,,,,,,,,,,
ハネッコ,0187,16,223,O,O,O,O,X,X,X,X,X,50,69,ようりょくそ,リーフガード,すりぬけ,Pokémon-Icon_187,,,,,,,,,,
ポポッコ,0188,17,224,O,O,O,O,X,X,X,X,X,80,94,ようりょくそ,リーフガード,すりぬけ,Pokémon-Icon_188,,,,,,,,,,
ワタッコ,0189,18,225,O,O,O,O,X,X,X,X,X,110,119,ようりょくそ,リーフガード,すりぬけ,Pokémon-Icon_189,,,,,,,,,,
ヒマナッツ,0191,31,227,O,O,O,O,X,X,X,X,X,30,46,ようりょくそ,サンパワー,はやおき,Pokémon-Icon_191,,,,,,,,,,
キマワリ,0192,32,228,O,O,O,O,X,X,X,X,X,30,136,ようりょくそ,サンパワー,はやおき,Pokémon-Icon_192,,,,,,,,,,
ウパー(パルデアのすがた),0194,53,231,O,O,O,O,X,X,X,X,O,15,49,しめりけ,ちょすい,てんねん,Pokémon-Icon_194a,,,,,,,,,,
ヌオー,0195,,232,O,X,X,X,X,X,X,X,O,35,142,しめりけ,ちょすい,てんねん,Pokémon-Icon_195,,,,,,,,,,
エーフィ,0196,183,233,O,O,O,O,O,X,X,X,X,110,200,シンクロ,,マジックミラー,Pokémon-Icon_196,,,,,,,,,,
ブラッキー,0197,184,234,O,O,O,O,O,X,X,X,X,65,78,シンクロ,,せいしんりょく,Pokémon-Icon_197,,,,,,,,,,
ヤミカラス,0198,232,235,O,O,O,O,X,X,X,X,X,91,83,ふみん,きょううん,いたずらごころ,Pokémon-Icon_198,,,,,,,,,,
ヤドキング(原種),0199,326,236,O,O,O,O,X,X,X,X,X,30,36,どんかん,マイペース,さいせいりょく,Pokémon-Icon_199,,,,,,,,,,
ヤドキング(ガラルのすがた),0199,,237,O,X,X,X,X,X,X,X,X,30,87,きみょうなくすり,マイペース,さいせいりょく,Pokémon-Icon_199a,,,,,,,,,,
ムウマ,0200,114,238,O,O,O,O,X,X,X,X,X,85,135,ふゆう,,,Pokémon-Icon_200,,,,,,,,,,
キリンリキ,0203,192,241,O,O,O,O,X,X,X,X,X,85,108,せいしんりょく,はやおき,そうしょく,Pokémon-Icon_203,,,,,,,,,,
クヌギダマ,0204,258,242,O,O,O,O,X,X,X,X,X,15,116,がんじょう,,ぼうじん,Pokémon-Icon_204,,,,,,,,,,
フォレトス,0205,259,243,O,O,O,O,X,X,X,X,X,40,128,がんじょう,,ぼうじん,Pokémon-Icon_205,,,,,,,,,,
ノコッチ,0206,188,244,O,O,O,O,X,X,X,X,O,45,148,てんのめぐみ,にげあし,びびり,Pokémon-Icon_206,,,,,,,,,,
ハリーセン(原種),0211,331,249,O,O,O,O,X,X,X,X,X,85,138,どくのトゲ,すいすい,いかく,Pokémon-Icon_211,,,,,,,,,,
ハリーセン(ヒスイのすがた),0211,,250,O,X,X,X,X,X,X,X,X,85,109,どくのトゲ,すいすい,いかく,Pokémon-Icon_211a,,,,,,,,,,
ハッサム,0212,261,251,O,O,O,O,X,X,X,X,X,65,76,むしのしらせ,テクニシャン,ライトメタル,Pokémon-Icon_212,,,,,,,,,,
ヘラクロス,0214,262,253,O,O,O,O,X,X,X,X,O,85,31,むしのしらせ,こんじょう,じしんかじょう,Pokémon-Icon_214,,,,,,,,,,
ニューラ(原種),0215,230,254,O,O,O,O,X,X,X,X,O,115,56,せいしんりょく,するどいめ,わるいてぐせ,Pokémon-Icon_215,,,,,,,,,,
ニューラ(ヒスイのすがた),0215,,255,O,X,X,X,X,X,X,X,O,115,5,せいしんりょく,するどいめ,わるいてぐせ,Pokémon-Icon_215a,,,,,,,,,,
ヒメグマ,0216,215,256,O,O,O,O,X,X,X,X,X,40,127,ものひろい,はやあし,みつあつめ,Pokémon-Icon_216,,,,,,,,,,
リングマ,0217,216,257,O,O,O,O,X,X,X,X,X,55,113,こんじょう,はやあし,きんちょうかん,Pokémon-Icon_217,,,,,,,,,,
デリバード,0225,354,266,O,O,O,O,X,X,X,X,X,75,88,やるき,はりきり,ふみん,Pokémon-Icon_225,,,,,,,,,,
デルビル,0228,25,269,O,O,O,O,X,X,X,X,O,65,124,はやおき,もらいび,きんちょうかん,Pokémon-Icon_228,,,,,,,,,,
ヘルガー,0229,26,270,O,O,O,O,X,X,X,X,O,95,27,はやおき,もらいび,きんちょうかん,Pokémon-Icon_229,,,,,,,,,,
ゴマゾウ,0231,122,272,O,O,O,O,X,X,X,X,X,40,99,ものひろい,,すながくれ,Pokémon-Icon_231,,,,,,,,,,
ドンファン,0232,123,273,O,O,O,O,X,X,X,X,X,50,,がんじょう,,すながくれ,Pokémon-Icon_232,,,,,,,,,,
オドシシ,0234,204,275,O,O,O,O,X,X,X,X,O,85,,いかく,おみとおし,そうしょく,Pokémon-Icon_234,,,,,,,,,,
ハピナス,0242,45,283,O,O,O,O,X,X,X,X,X,55,,しぜんかいふく,てんのめぐみ,いやしのこころ,Pokémon-Icon_242,,,,,,,,,,
ヨーギラス,0246,316,287,O,O,O,O,X,X,X,X,X,41,,こんじょう,,すながくれ,Pokémon-Icon_246,,,,,,,,,,
サナギラス,0247,317,288,O,O,O,O,X,X,X,X,X,51,,だっぴ,,,Pokémon-Icon_247,,,,,,,,,,
バンギラス,0248,318,289,O,O,O,O,X,X,X,X,X,61,,すなおこし,,きんちょうかん,Pokémon-Icon_248,,,,,,,,,,
キャモメ,0278,132,321,O,O,O,O,X,X,X,X,X,85,,するどいめ,うるおいボディ,あめうけざら,Pokémon-Icon_278,,,,,,,,,,
ペリッパー,0279,133,322,O,O,O,O,X,X,X,X,X,65,,するどいめ,あめふらし,あめうけざら,Pokémon-Icon_279,,,,,,,,,,
ラルトス,0280,62,323,O,O,O,O,X,X,X,X,O,40,,シンクロ,トレース,テレパシー,Pokémon-Icon_280,,,,,,,,,,
キルリア,0281,63,324,O,O,O,O,X,X,X,X,O,50,,シンクロ,トレース,テレパシー,Pokémon-Icon_281,,,,,,,,,,
サーナイト,0282,64,325,O,O,O,O,X,X,X,X,O,80,,シンクロ,トレース,テレパシー,Pokémon-Icon_282,,,,,,,,,,
アメタマ,0283,49,326,O,O,O,O,X,X,X,X,O,65,,すいすい,,あめうけざら,Pokémon-Icon_283,,,,,,,,,,
アメモース,0284,50,327,O,O,O,O,X,X,X,X,O,80,,いかく,,きんちょうかん,Pokémon-Icon_284,,,,,,,,,,
キノココ,0285,106,328,O,O,O,O,X,X,X,X,X,35,,ほうし,ポイズンヒール,はやあし,Pokémon-Icon_285,,,,,,,,,,
キノガッサ,0286,107,329,O,O,O,O,X,X,X,X,X,70,,ほうし,ポイズンヒール,テクニシャン,Pokémon-Icon_286,,,,,,,,,,
ナマケロ,0287,78,330,O,O,O,O,X,X,X,X,X,30,,なまけ,,,Pokémon-Icon_287,,,,,,,,,,
ヤルキモノ,0288,79,331,O,O,O,O,X,X,X,X,X,90,,やるき,,,Pokémon-Icon_288,,,,,,,,,,
ケッキング,0289,80,332,O,O,O,O,X,X,X,X,X,100,,なまけ,,,Pokémon-Icon_289,,,,,,,,,,
マクノシタ,0296,116,339,O,O,O,O,X,X,X,X,X,25,,あついしぼう,こんじょう,ちからずく,Pokémon-Icon_296,,,,,,,,,,
ハリテヤマ,0297,117,340,O,O,O,O,X,X,X,X,X,50,,あついしぼう,こんじょう,ちからずく,Pokémon-Icon_297,,,,,,,,,,
ルリリ,0298,46,341,O,O,O,O,X,X,X,X,X,20,,あついしぼう,ちからもち,そうしょく,Pokémon-Icon_298,,,,,,,,,,
ヤミラミ,0302,297,345,O,O,O,O,X,X,X,X,X,50,,するどいめ,あとだし,いたずらごころ,Pokémon-Icon_302,,,,,,,,,,
アサナン,0307,161,350,O,O,O,O,X,X,X,X,X,60,,ヨガパワー,,テレパシー,Pokémon-Icon_307,,,,,,,,,,
チャーレム,0308,162,351,O,O,O,O,X,X,X,X,X,80,,ヨガパワー,,テレパシー,Pokémon-Icon_308,,,,,,,,,,
ゴクリン,0316,139,359,O,O,O,O,X,X,X,X,X,40,,ヘドロえき,ねんちゃく,くいしんぼう,Pokémon-Icon_316,,,,,,,,,,
マルノーム,0317,140,360,O,O,O,O,X,X,X,X,X,55,,ヘドロえき,ねんちゃく,くいしんぼう,Pokémon-Icon_317,,,,,,,,,,
ドンメル,0322,151,365,O,O,O,O,X,X,X,X,X,35,,どんかん,たんじゅん,マイペース,Pokémon-Icon_322,,,,,,,,,,
バクーダ,0323,152,366,O,O,O,O,X,X,X,X,X,40,,マグマのよろい,ハードロック,いかりのつぼ,Pokémon-Icon_323,,,,,,,,,,
コータス,0324,150,367,O,O,O,O,X,X,X,X,X,20,,しろいけむり,ひでり,シェルアーマー,Pokémon-Icon_324,,,,,,,,,,
バネブー,0325,111,368,O,O,O,O,X,X,X,X,O,60,,あついしぼう,マイペース,くいしんぼう,Pokémon-Icon_325,,,,,,,,,,
ブーピッグ,0326,112,369,O,O,O,O,X,X,X,X,O,80,,あついしぼう,マイペース,くいしんぼう,Pokémon-Icon_326,,,,,,,,,,
サボネア,0331,252,374,O,O,O,O,X,X,X,X,X,35,,すながくれ,,ちょすい,Pokémon-Icon_331,,,,,,,,,,
ノクタス,0332,253,375,O,O,O,O,X,X,X,X,X,55,,すながくれ,,ちょすい,Pokémon-Icon_332,,,,,,,,,,
チルット,0333,219,376,O,O,O,O,X,X,X,X,X,50,,しぜんかいふく,,ノーてんき,Pokémon-Icon_333,,,,,,,,,,
チルタリス,0334,220,377,O,O,O,O,X,X,X,X,X,80,,しぜんかいふく,,ノーてんき,Pokémon-Icon_334,,,,,,,,,,
ザングース,0335,217,378,O,O,O,O,X,X,X,X,X,90,,めんえき,,どくぼうそう,Pokémon-Icon_335,,,,,,,,,,
ハブネーク,0336,218,379,O,O,O,O,X,X,X,X,X,65,,だっぴ,,すりぬけ,Pokémon-Icon_336,,,,,,,,,,
ドジョッチ,0339,168,382,O,O,O,O,X,X,X,X,O,60,,どんかん,きけんよち,うるおいボディ,Pokémon-Icon_339,,,,,,,,,,
ナマズン,0340,169,383,O,O,O,O,X,X,X,X,O,60,,どんかん,きけんよち,うるおいボディ,Pokémon-Icon_340,,,,,,,,,,
カゲボウズ,0353,298,396,O,O,O,O,X,X,X,X,X,45,,ふみん,おみとおし,のろわれボディ,Pokémon-Icon_353,,,,,,,,,,
ジュペッタ,0354,299,397,O,O,O,O,X,X,X,X,X,65,,ふみん,おみとおし,のろわれボディ,Pokémon-Icon_354,,,,,,,,,,
トロピウス,0357,246,400,O,O,O,O,X,X,X,X,X,51,,ようりょくそ,サンパワー,しゅうかく,Pokémon-Icon_357,,,,,,,,,,
ユキワラシ,0361,357,404,O,O,O,O,X,X,X,X,O,50,,せいしんりょく,アイスボディ,ムラっけ,Pokémon-Icon_361,,,,,,,,,,
オニゴーリ,0362,358,405,O,O,O,O,X,X,X,X,O,80,,せいしんりょく,アイスボディ,ムラっけ,Pokémon-Icon_362,,,,,,,,,,
ラブカス,0370,332,413,O,O,O,O,X,X,X,X,X,97,,すいすい,,うるおいボディ,Pokémon-Icon_370,,,,,,,,,,
タツベイ,0371,276,414,O,O,O,O,X,X,X,X,X,50,,いしあたま,,ちからずく,Pokémon-Icon_371,,,,,,,,,,
コモルー,0372,277,415,O,O,O,O,X,X,X,X,X,50,,いしあたま,,ぼうじん,Pokémon-Icon_372,,,,,,,,,,
ボーマンダ,0373,278,416,O,O,O,O,X,X,X,X,X,100,,いかく,,じしんかじょう,Pokémon-Icon_373,,,,,,,,,,
ムックル,0396,97,442,O,O,O,O,X,X,X,X,O,60,,するどいめ,,すてみ,Pokémon-Icon_396,,,,,,,,,,
ムクバード,0397,98,443,O,O,O,O,X,X,X,X,O,80,,いかく,,すてみ,Pokémon-Icon_397,,,,,,,,,,
ムクホーク,0398,99,444,O,O,O,O,X,X,X,X,O,100,,いかく,,すてみ,Pokémon-Icon_398,,,,,,,,,,
コロボーシ,0401,33,447,O,O,O,O,X,X,X,X,O,25,,だっぴ,,にげあし,Pokémon-Icon_401,,,,,,,,,,
コロトック,0402,34,448,O,O,O,O,X,X,X,X,O,65,,むしのしらせ,,テクニシャン,Pokémon-Icon_402,,,,,,,,,,
コリンク,0403,94,449,O,O,O,O,X,X,X,X,O,45,,とうそうしん,いかく,こんじょう,Pokémon-Icon_403,,,,,,,,,,
ルクシオ,0404,95,450,O,O,O,O,X,X,X,X,O,60,,とうそうしん,いかく,こんじょう,Pokémon-Icon_404,,,,,,,,,,
レントラー,0405,96,451,O,O,O,O,X,X,X,X,O,70,,とうそうしん,いかく,こんじょう,Pokémon-Icon_405,,,,,,,,,,
ミツハニー,0415,38,463,O,O,O,O,X,X,X,X,X,70,,みつあつめ,,はりきり,Pokémon-Icon_415,,,,,,,,,,
ビークイン,0416,39,464,O,O,O,O,X,X,X,X,X,40,,プレッシャー,,きんちょうかん,Pokémon-Icon_416,,,,,,,,,,
パチリス,0417,201,465,O,O,O,O,X,X,X,X,O,95,,にげあし,ものひろい,ちくでん,Pokémon-Icon_417,,,,,,,,,,
ブイゼル,0418,51,466,O,O,O,O,X,X,X,X,X,85,,すいすい,,みずのベール,Pokémon-Icon_418,,,,,,,,,,
フローゼル,0419,52,467,O,O,O,O,X,X,X,X,X,115,,すいすい,,みずのベール,Pokémon-Icon_419,,,,,,,,,,
カラナクシ,0422,327,470,O,O,O,O,X,X,X,X,X,34,,ねんちゃく,よびみず,すなのちから,Pokémon-Icon_422,,,,,,,,,,
トリトドン,0423,328,471,O,O,O,O,X,X,X,X,X,39,,ねんちゃく,よびみず,すなのちから,Pokémon-Icon_423,,,,,,,,,,
フワンテ,0425,143,473,O,O,O,O,X,X,X,X,X,70,,ゆうばく,かるわざ,ねつぼうそう,Pokémon-Icon_425,,,,,,,,,,
フワライド,0426,144,474,O,O,O,O,X,X,X,X,X,80,,ゆうばく,かるわざ,ねつぼうそう,Pokémon-Icon_426,,,,,,,,,,
ムウマージ,0429,115,477,O,O,O,O,X,X,X,X,X,105,,ふゆう,,,Pokémon-Icon_429,,,,,,,,,,
ドンカラス,0430,233,478,O,O,O,O,X,X,X,X,X,71,,ふみん,きょううん,じしんかじょう,Pokémon-Icon_430,,,,,,,,,,
スカンプー,0434,226,482,O,O,O,O,X,X,X,X,X,74,,あくしゅう,ゆうばく,するどいめ,Pokémon-Icon_434,,,,,,,,,,
スカタンク,0435,227,483,O,O,O,O,X,X,X,X,X,84,,あくしゅう,ゆうばく,するどいめ,Pokémon-Icon_435,,,,,,,,,,
ドーミラー,0436,153,484,O,O,O,O,X,X,X,X,O,23,,ふゆう,たいねつ,ヘヴィメタル,Pokémon-Icon_436,,,,,,,,,,
ドータクン,0437,154,485,O,O,O,O,X,X,X,X,O,33,,ふゆう,たいねつ,ヘヴィメタル,Pokémon-Icon_437,,,,,,,,,,
ウソハチ,0438,87,486,O,O,O,O,X,X,X,X,O,10,,がんじょう,いしあたま,びびり,Pokémon-Icon_438,,,,,,,,,,
ピンプク,0440,43,488,O,O,O,O,X,X,X,X,X,30,,しぜんかいふく,てんのめぐみ,フレンドガード,Pokémon-Icon_440,,,,,,,,,,
ミカルゲ,0442,302,490,O,O,O,O,X,X,X,X,X,35,,プレッシャー,,すりぬけ,Pokémon-Icon_442,,,,,,,,,,
フカマル,0443,126,491,O,O,O,O,X,X,X,X,O,42,,すながくれ,,さめはだ,Pokémon-Icon_443,,,,,,,,,,
ガバイト,0444,127,492,O,O,O,O,X,X,X,X,O,82,,すながくれ,,さめはだ,Pokémon-Icon_444,,,,,,,,,,
ガブリアス,0445,128,493,O,O,O,O,X,X,X,X,O,102,,すながくれ,,さめはだ,Pokémon-Icon_445,,,,,,,,,,
リオル,0447,163,495,O,O,O,O,X,X,X,X,O,60,,ふくつのこころ,せいしんりょく,いたずらごころ,Pokémon-Icon_447,,,,,,,,,,
ルカリオ,0448,164,496,O,O,O,O,X,X,X,X,O,90,,ふくつのこころ,せいしんりょく,せいぎのこころ,Pokémon-Icon_448,,,,,,,,,,
ヒポポタス,0449,265,497,O,O,O,O,X,X,X,X,X,32,,すなおこし,,すなのちから,Pokémon-Icon_449,,,,,,,,,,
カバルドン,0450,266,498,O,O,O,O,X,X,X,X,X,47,,すなおこし,,すなのちから,Pokémon-Icon_450,,,,,,,,,,
グレッグル,0453,175,501,O,O,O,O,X,X,X,X,X,50,,きけんよち,かんそうはだ,どくしゅ,Pokémon-Icon_453,,,,,,,,,,
ドクロッグ,0454,176,502,O,O,O,O,X,X,X,X,X,85,,きけんよち,かんそうはだ,どくしゅ,Pokémon-Icon_454,,,,,,,,,,
ケイコウオ,0456,333,504,O,O,O,O,X,X,X,X,X,66,,すいすい,よびみず,みずのベール,Pokémon-Icon_456,,,,,,,,,,
ネオラント,0457,334,505,O,O,O,O,X,X,X,X,X,91,,すいすい,よびみず,みずのベール,Pokémon-Icon_457,,,,,,,,,,
ユキカブリ,0459,352,507,O,O,O,O,X,X,X,X,X,40,,ゆきふらし,,ぼうおん,Pokémon-Icon_459,,,,,,,,,,
ユキノオー,0460,353,508,O,O,O,O,X,X,X,X,X,60,,ゆきふらし,,ぼうおん,Pokémon-Icon_460,,,,,,,,,,
マニューラ,0461,231,509,O,O,O,O,X,X,X,X,O,125,,プレッシャー,,わるいてぐせ,Pokémon-Icon_461,,,,,,,,,,
ジバコイル,0462,211,510,O,O,O,O,X,X,X,X,X,60,,じりょく,がんじょう,アナライズ,Pokémon-Icon_462,,,,,,,,,,
リーフィア,0470,185,518,O,O,O,O,O,X,X,X,X,95,,リーフガード,,ようりょくそ,Pokémon-Icon_470,,,,,,,,,,
グレイシア,0471,186,519,O,O,O,O,O,X,X,X,X,65,,ゆきがくれ,,アイスボディ,Pokémon-Icon_471,,,,,,,,,,
エルレイド,0475,65,523,O,O,O,O,X,X,X,X,O,80,,ふくつのこころ,きれあじ,せいぎのこころ,Pokémon-Icon_475,,,,,,,,,,
ユキメノコ,0478,359,526,O,O,O,O,X,X,X,X,O,110,,ゆきがくれ,,のろわれボディ,Pokémon-Icon_478,,,,,,,,,,
ロトム(通常),0479,310,527,O,O,O,O,X,X,X,X,X,91,,ふゆう,,,Pokémon-Icon_479,,,,,,,,,,
ロトム(ヒート),0479,310,531,O,O,O,O,X,X,X,X,X,86,,ふゆう,,,Pokémon-Icon_479a,,,,,,,,,,
ロトム(ウォッシュ),0479,310,528,O,O,O,O,X,X,X,X,X,86,,ふゆう,,,Pokémon-Icon_479b,,,,,,,,,,
ロトム(フロスト),0479,310,532,O,O,O,O,X,X,X,X,X,86,,ふゆう,,,Pokémon-Icon_479c,,,,,,,,,,
ロトム(スピン),0479,310,530,O,O,O,O,X,X,X,X,X,86,,ふゆう,,,Pokémon-Icon_479d,,,,,,,,,,
ロトム(カット),0479,310,529,O,O,O,O,X,X,X,X,X,86,,ふゆう,,,Pokémon-Icon_479e,,,,,,,,,,
ユクシー,0480,,533,O,X,X,X,X,X,X,X,X,95,,ふゆう,,,Pokémon-Icon_480,,,,,,,,,,
エムリット,0481,,534,O,X,X,X,X,X,X,X,X,80,,ふゆう,,,Pokémon-Icon_481,,,,,,,,,,
アグノム,0482,,535,O,X,X,X,X,X,X,X,X,115,,ふゆう,,,Pokémon-Icon_482,,,,,,,,,,
ヒードラン,0485,,540,O,X,X,X,X,X,X,X,X,77,,もらいび,,ほのおのからだ,Pokémon-Icon_485,,,,,,,,,,
クレセリア,0488,,544,O,X,X,X,X,X,X,X,X,85,,ふゆう,,,Pokémon-Icon_488,,,,,,,,,,
ミジュマル,0501,,558,O,X,X,X,X,X,X,X,X,45,,げきりゅう,,シェルアーマー,Pokémon-Icon_501,,,,,,,,,,
フタチマル,0502,,559,O,X,X,X,X,X,X,X,X,60,,げきりゅう,,シェルアーマー,Pokémon-Icon_502,,,,,,,,,,
ダイケンキ(ヒスイのすがた),0503,,561,O,X,X,X,X,X,X,X,X,85,,げきりゅう,,きれあじ,Pokémon-Icon_503a,,,,,,,,,,
ダイケンキ(原種),0503,,560,O,X,X,X,X,X,X,X,X,70,,げきりゅう,,シェルアーマー,Pokémon-Icon_503,,,,,,,,,,
チュリネ,0548,104,606,O,O,O,O,X,X,X,X,O,30,,ようりょくそ,マイペース,リーフガード,Pokémon-Icon_548,,,,,,,,,,
ドレディア(原種),0549,105,607,O,O,O,O,X,X,X,X,O,90,,ようりょくそ,マイペース,リーフガード,Pokémon-Icon_549,,,,,,,,,,
ドレディア(ヒスイのすがた),0549,,608,O,X,X,X,X,X,X,X,O,105,,ようりょくそ,はりきり,リーフガード,Pokémon-Icon_549a,,,,,,,,,,
バスラオ(あかすじ),0550,138,610,O,O,O,O,X,X,X,X,O,98,,すてみ,てきおうりょく,かたやぶり,Pokémon-Icon_550,,,,,,,,,,
バスラオ(あおすじ),0550,138,609,O,O,O,O,X,X,X,X,O,98,,いしあたま,てきおうりょく,かたやぶり,Pokémon-Icon_550a,,,,,,,,,,
バスラオ(しろすじ),0550,,611,O,X,X,X,X,X,X,X,O,98,,びびり,てきおうりょく,かたやぶり,Pokémon-Icon_550b,,,,,,,,,,
メグロコ,0551,267,612,O,O,O,O,X,X,X,X,X,65,,いかく,じしんかじょう,いかりのつぼ,Pokémon-Icon_551,,,,,,,,,,
ワルビル,0552,268,613,O,O,O,O,X,X,X,X,X,74,,いかく,じしんかじょう,いかりのつぼ,Pokémon-Icon_552,,,,,,,,,,
ワルビアル,0553,269,614,O,O,O,O,X,X,X,X,X,92,,いかく,じしんかじょう,いかりのつぼ,Pokémon-Icon_553,,,,,,,,,,
ゾロア(原種),0570,228,636,O,O,O,O,X,X,X,X,X,65,,イリュージョン,,,Pokémon-Icon_570,,,,,,,,,,
ゾロア(ヒスイのすがた),0570,,637,O,X,X,X,X,X,X,X,X,70,,イリュージョン,,,Pokémon-Icon_570a,,,,,,,,,,
ゾロアーク(原種),0571,229,638,O,O,O,O,X,X,X,X,X,105,,イリュージョン,,,Pokémon-Icon_571,,,,,,,,,,
ゾロアーク(ヒスイのすがた),0571,,639,O,X,X,X,X,X,X,X,X,110,,イリュージョン,,,Pokémon-Icon_571a,,,,,,,,,,
ゴチム,0574,234,642,O,O,O,O,X,X,X,X,X,45,,おみとおし,かちき,かげふみ,Pokémon-Icon_574,,,,,,,,,,
ゴチミル,0575,235,643,O,O,O,O,X,X,X,X,X,55,,おみとおし,かちき,かげふみ,Pokémon-Icon_575,,,,,,,,,,
ゴチルゼル,0576,236,644,O,O,O,O,X,X,X,X,X,65,,おみとおし,かちき,かげふみ,Pokémon-Icon_576,,,,,,,,,,
シキジカ,0585,190,653,O,O,O,O,X,X,X,X,X,75,,ようりょくそ,そうしょく,てんのめぐみ,Pokémon-Icon_585,,,,,,,,,,
メブキジカ,0586,191,654,O,O,O,O,X,X,X,X,X,95,,ようりょくそ,そうしょく,てんのめぐみ,Pokémon-Icon_586,,,,,,,,,,
タマゲタケ,0590,205,658,O,O,O,O,X,X,X,X,X,15,,ほうし,,さいせいりょく,Pokémon-Icon_590,,,,,,,,,,
モロバレル,0591,206,659,O,O,O,O,X,X,X,X,X,30,,ほうし,,さいせいりょく,Pokémon-Icon_591,,,,,,,,,,
ママンボウ,0594,336,662,O,O,O,O,X,X,X,X,X,65,,いやしのこころ,うるおいボディ,さいせいりょく,Pokémon-Icon_594,,,,,,,,,,
シビシラス,0602,341,670,O,O,O,O,X,X,X,X,O,60,,ふゆう,,,Pokémon-Icon_602,,,,,,,,,,
シビビール,0603,342,671,O,O,O,O,X,X,X,X,O,40,,ふゆう,,,Pokémon-Icon_603,,,,,,,,,,
シビルドン,0604,343,672,O,O,O,O,X,X,X,X,O,50,,ふゆう,,,Pokémon-Icon_604,,,,,,,,,,
キバゴ,0610,155,678,O,O,O,O,X,X,X,X,X,57,,とうそうしん,かたやぶり,きんちょうかん,Pokémon-Icon_610,,,,,,,,,,
オノンド,0611,156,679,O,O,O,O,X,X,X,X,X,67,,とうそうしん,かたやぶり,きんちょうかん,Pokémon-Icon_611,,,,,,,,,,
オノノクス,0612,157,680,O,O,O,O,X,X,X,X,X,97,,とうそうしん,かたやぶり,きんちょうかん,Pokémon-Icon_612,,,,,,,,,,
クマシュン,0613,355,681,O,O,O,O,X,X,X,X,X,40,,ゆきがくれ,ゆきかき,びびり,Pokémon-Icon_613,,,,,,,,,,
ツンベアー,0614,356,682,O,O,O,O,X,X,X,X,X,50,,ゆきがくれ,ゆきかき,すいすい,Pokémon-Icon_614,,,,,,,,,,
フリージオ,0615,360,683,O,O,O,O,X,X,X,X,X,105,,ふゆう,,,Pokémon-Icon_615,,,,,,,,,,
コマタナ,0624,367,693,O,O,O,O,X,X,X,X,O,60,,まけんき,せいしんりょく,プレッシャー,Pokémon-Icon_624,,,,,,,,,,
キリキザン,0625,368,694,O,O,O,O,X,X,X,X,O,70,,まけんき,せいしんりょく,プレッシャー,Pokémon-Icon_625,,,,,,,,,,
ワシボン,0627,365,696,O,O,O,O,X,X,X,X,X,60,,するどいめ,ちからずく,はりきり,Pokémon-Icon_627,,,,,,,,,,
ウォーグル(原種),0628,366,697,O,O,O,O,X,X,X,X,X,80,,するどいめ,ちからずく,まけんき,Pokémon-Icon_628,,,,,,,,,,
ウォーグル(ヒスイのすがた),0628,,698,O,X,X,X,X,X,X,X,X,65,,するどいめ,ちからずく,いろめがね,Pokémon-Icon_628a,,,,,,,,,,
モノズ,0633,370,703,O,O,O,O,X,X,X,X,X,38,,はりきり,,,Pokémon-Icon_633,,,,,,,,,,
ジヘッド,0634,371,704,O,O,O,O,X,X,X,X,X,58,,はりきり,,,Pokémon-Icon_634,,,,,,,,,,
サザンドラ,0635,372,705,O,O,O,O,X,X,X,X,X,98,,ふゆう,,,Pokémon-Icon_635,,,,,,,,,,
メラルバ,0636,274,706,O,O,O,O,X,X,X,X,X,60,,ほのおのからだ,,むしのしらせ,Pokémon-Icon_636,,,,,,,,,,
ウルガモス,0637,275,707,O,O,O,O,X,X,X,X,X,100,,ほのおのからだ,,むしのしらせ,Pokémon-Icon_637,,,,,,,,,,
トルネロス(けしんフォルム),0641,,711,O,X,X,X,X,X,X,X,X,111,,いたずらごころ,,まけんき,Pokémon-Icon_641,,,,,,,,,,
トルネロス(れいじゅうフォルム),0641,,712,O,X,X,X,X,X,X,X,X,121,,さいせいりょく,,,Pokémon-Icon_641a,,,,,,,,,,
ボルトロス(けしんフォルム),0642,,713,O,X,X,X,X,X,X,X,X,111,,いたずらごころ,,まけんき,Pokémon-Icon_642,,,,,,,,,,
ボルトロス(れいじゅうフォルム),0642,,714,O,X,X,X,X,X,X,X,X,101,,ちくでん,,,Pokémon-Icon_642a,,,,,,,,,,
ランドロス(けしんフォルム),0645,,717,O,X,X,X,X,X,X,X,X,101,,すなのちから,,ちからずく,Pokémon-Icon_645,,,,,,,,,,
ランドロス(れいじゅうフォルム),0645,,718,O,X,X,X,X,X,X,X,X,91,,いかく,,,Pokémon-Icon_645a,,,,,,,,,,
ハリマロン,0650,,727,O,X,X,X,X,X,X,X,X,38,,しんりょく,,ぼうだん,Pokémon-Icon_650,,,,,,,,,,
ハリボーグ,0651,,728,O,X,X,X,X,X,X,X,X,57,,しんりょく,,ぼうだん,Pokémon-Icon_651,,,,,,,,,,
ブリガロン,0652,,729,O,X,X,X,X,X,X,X,X,64,,しんりょく,,ぼうだん,Pokémon-Icon_652,,,,,,,,,,
フォッコ,0653,,730,O,X,X,X,X,X,X,X,X,60,,もうか,,マジシャン,Pokémon-Icon_653,,,,,,,,,,
テールナー,0654,,731,O,X,X,X,X,X,X,X,X,73,,もうか,,マジシャン,Pokémon-Icon_654,,,,,,,,,,
マフォクシー,0655,,732,O,X,X,X,X,X,X,X,X,104,,もうか,,マジシャン,Pokémon-Icon_655,,,,,,,,,,
ケロマツ,0656,,733,O,X,X,X,X,X,X,X,X,71,,げきりゅう,,へんげんじざい,Pokémon-Icon_656,,,,,,,,,,
ゲコガシラ,0657,,734,O,X,X,X,X,X,X,X,X,97,,げきりゅう,,へんげんじざい,Pokémon-Icon_657,,,,,,,,,,
ゲッコウガ(通常),0658,,735,O,X,X,X,X,X,X,X,X,122,,げきりゅう,,へんげんじざい,Pokémon-Icon_658,,,,,,,,,,
ヤヤコマ,0661,19,739,O,O,O,O,X,X,X,X,X,62,,はとむね,,はやてのつばさ,Pokémon-Icon_661,,,,,,,,,,
ヒノヤコマ,0662,20,740,O,O,O,O,X,X,X,X,X,84,,ほのおのからだ,,はやてのつばさ,Pokémon-Icon_662,,,,,,,,,,
ファイアロー,0663,21,741,O,O,O,O,X,X,X,X,X,126,,ほのおのからだ,,はやてのつばさ,Pokémon-Icon_663,,,,,,,,,,
コフキムシ,0664,35,742,O,O,O,O,X,X,X,X,X,35,,りんぷん,ふくがん,フレンドガード,Pokémon-Icon_664,,,,,,,,,,
コフーライ,0665,36,743,O,O,O,O,X,X,X,X,X,29,,だっぴ,,フレンドガード,Pokémon-Icon_665,,,,,,,,,,
ビビヨン,0666,37,744,O,O,O,O,X,X,X,X,X,89,,りんぷん,ふくがん,フレンドガード,Pokémon-Icon_666,,,,,,,,,,
シシコ,0667,224,745,O,O,O,O,X,X,X,X,X,72,,とうそうしん,きんちょうかん,じしんかじょう,Pokémon-Icon_667,,,,,,,,,,
カエンジシ,0668,225,746,O,O,O,O,X,X,X,X,X,106,,とうそうしん,きんちょうかん,じしんかじょう,Pokémon-Icon_668,,,,,,,,,,
フラベベ,0669,145,747,O,O,O,O,X,X,X,X,X,42,,フラワーベール,,きょうせい,Pokémon-Icon_669,,,,,,,,,,
フラエッテ,0670,146,748,O,O,O,O,X,X,X,X,X,52,,フラワーベール,,きょうせい,Pokémon-Icon_670,,,,,,,,,,
フラージェス,0671,147,749,O,O,O,O,X,X,X,X,X,75,,フラワーベール,,きょうせい,Pokémon-Icon_671,,,,,,,,,,
メェークル,0672,221,750,O,O,O,O,X,X,X,X,X,52,,そうしょく,,くさのけがわ,Pokémon-Icon_672,,,,,,,,,,
ゴーゴート,0673,222,751,O,O,O,O,X,X,X,X,X,68,,そうしょく,,くさのけがわ,Pokémon-Icon_673,,,,,,,,,,
クズモー,0690,337,770,O,O,O,O,X,X,X,X,X,30,,どくのトゲ,どくしゅ,てきおうりょく,Pokémon-Icon_690,,,,,,,,,,
ドラミドロ,0691,338,771,O,O,O,O,X,X,X,X,X,44,,どくのトゲ,どくしゅ,てきおうりょく,Pokémon-Icon_691,,,,,,,,,,
ウデッポウ,0692,339,772,O,O,O,O,X,X,X,X,X,44,,メガランチャー,,,Pokémon-Icon_692,,,,,,,,,,
ブロスター,0693,340,773,O,O,O,O,X,X,X,X,X,59,,メガランチャー,,,Pokémon-Icon_693,,,,,,,,,,
ニンフィア,0700,187,780,O,O,O,O,O,X,X,X,X,60,,メロメロボディ,,フェアリースキン,Pokémon-Icon_700,,,,,,,,,,
ルチャブル,0701,301,781,O,O,O,O,X,X,X,X,X,118,,じゅうなん,かるわざ,かたやぶり,Pokémon-Icon_701,,,,,,,,,,
デデンネ,0702,200,782,O,O,O,O,X,X,X,X,X,101,,ほおぶくろ,ものひろい,プラス,Pokémon-Icon_702,,,,,,,,,,
メレシー,0703,,783,O,X,X,X,X,X,X,X,O,50,,クリアボディ,,がんじょう,Pokémon-Icon_703,,,,,,,,,,
ヌメラ,0704,172,784,O,O,O,O,X,X,X,X,X,40,,そうしょく,うるおいボディ,ぬめぬめ,Pokémon-Icon_704,,,,,,,,,,
ヌメイル(原種),0705,173,785,O,O,O,O,X,X,X,X,X,60,,そうしょく,うるおいボディ,ぬめぬめ,Pokémon-Icon_705,,,,,,,,,,
ヌメイル(ヒスイのすがた),0705,,786,O,X,X,X,X,X,X,X,X,40,,そうしょく,シェルアーマー,ぬめぬめ,Pokémon-Icon_705a,,,,,,,,,,
ヌメルゴン(原種),0706,174,787,O,O,O,O,X,X,X,X,X,80,,そうしょく,うるおいボディ,ぬめぬめ,Pokémon-Icon_706,,,,,,,,,,
ヌメルゴン(ヒスイのすがた),0706,,788,O,X,X,X,X,X,X,X,X,60,,そうしょく,シェルアーマー,ぬめぬめ,Pokémon-Icon_706a,,,,,,,,,,
クレッフィ,0707,240,789,O,O,O,O,X,X,X,X,X,75,,いたずらごころ,,マジシャン,Pokémon-Icon_707,,,,,,,,,,
カチコール,0712,363,800,O,O,O,O,X,X,X,X,X,28,,マイペース,アイスボディ,がんじょう,Pokémon-Icon_712,,,,,,,,,,
クレベース(原種),0713,364,801,O,O,O,O,X,X,X,X,X,28,,マイペース,アイスボディ,がんじょう,Pokémon-Icon_713,,,,,,,,,,
クレベース(ヒスイのすがた),0713,,802,O,X,X,X,X,X,X,X,X,38,,がんじょうあご,アイスボディ,がんじょう,Pokémon-Icon_713a,,,,,,,,,,
オンバット,0714,303,803,O,O,O,O,X,X,X,X,O,55,,おみとおし,すりぬけ,テレパシー,Pokémon-Icon_714,,,,,,,,,,
オンバーン,0715,304,804,O,O,O,O,X,X,X,X,O,123,,おみとおし,すりぬけ,テレパシー,Pokémon-Icon_715,,,,,,,,,,
モクロー,0722,,814,O,X,X,X,X,X,X,X,X,42,,しんりょく,,えんかく,Pokémon-Icon_722,,,,,,,,,,
フクスロー,0723,,815,O,X,X,X,X,X,X,X,X,52,,しんりょく,,えんかく,Pokémon-Icon_723,,,,,,,,,,
ジュナイパー(ヒスイのすがた),0724,,817,O,X,X,X,X,X,X,X,X,60,,しんりょく,,きもったま,Pokémon-Icon_724a,,,,,,,,,,
ジュナイパー(原種),0724,,816,O,X,X,X,X,X,X,X,X,70,,しんりょく,,えんかく,Pokémon-Icon_724,,,,,,,,,,
ヤングース,0734,27,827,O,O,O,O,X,X,X,X,X,45,,はりこみ,がんじょうあご,てきおうりょく,Pokémon-Icon_734,,,,,,,,,,
デカグース,0735,28,828,O,O,O,O,X,X,X,X,X,45,,はりこみ,がんじょうあご,てきおうりょく,Pokémon-Icon_735,,,,,,,,,,
マケンカニ,0739,118,832,O,O,O,O,X,X,X,X,X,63,,かいりきバサミ,てつのこぶし,いかりのつぼ,Pokémon-Icon_739,,,,,,,,,,
ケケンカニ,0740,119,833,O,O,O,O,X,X,X,X,X,43,,かいりきバサミ,てつのこぶし,いかりのつぼ,Pokémon-Icon_740,,,,,,,,,,
オドリドリ(めらめらスタイル),0741,100,837,O,O,O,O,X,X,X,X,O,93,,おどりこ,,,Pokémon-Icon_741,,,,,,,,,,
オドリドリ(ぱちぱちスタイル),0741,100,834,O,O,O,O,X,X,X,X,O,93,,おどりこ,,,Pokémon-Icon_741a,,,,,,,,,,
オドリドリ(ふらふらスタイル),0741,100,835,O,O,O,O,X,X,X,X,O,93,,おどりこ,,,Pokémon-Icon_741b,,,,,,,,,,
オドリドリ(まいまいスタイル),0741,100,836,O,O,O,O,X,X,X,X,O,93,,おどりこ,,,Pokémon-Icon_741c,,,,,,,,,,
イワンコ,0744,89,840,O,O,O,O,X,X,X,X,O,60,,するどいめ,やるき,ふくつのこころ,Pokémon-Icon_744,,,,,,,,,,
ルガルガン(まひるのすがた),0745,90,841,O,O,O,O,X,X,X,X,O,112,,するどいめ,すなかき,ふくつのこころ,Pokémon-Icon_745,,,,,,,,,,
ルガルガン(まよなかのすがた),0745,90,842,O,O,O,O,X,X,X,X,O,82,,するどいめ,やるき,ノーガード,Pokémon-Icon_745b,,,,,,,,,,
ルガルガン(たそがれのすがた),0745,90,843,O,O,O,O,X,X,X,X,O,110,,かたいツメ,,,Pokémon-Icon_745a,,,,,,,,,,
ヒドイデ,0747,344,846,O,O,O,O,X,X,X,X,X,45,,ひとでなし,じゅうなん,さいせいりょく,Pokémon-Icon_747,,,,,,,,,,
ドヒドイデ,0748,345,847,O,O,O,O,X,X,X,X,X,35,,ひとでなし,じゅうなん,さいせいりょく,Pokémon-Icon_748,,,,,,,,,,
ドロバンコ,0749,272,848,O,O,O,O,X,X,X,X,O,45,,マイペース,じきゅうりょく,せいしんりょく,Pokémon-Icon_749,,,,,,,,,,
バンバドロ,0750,273,849,O,O,O,O,X,X,X,X,O,35,,マイペース,じきゅうりょく,せいしんりょく,Pokémon-Icon_750,,,,,,,,,,
カリキリ,0753,247,852,O,O,O,O,X,X,X,X,O,35,,リーフガード,,あまのじゃく,Pokémon-Icon_753,,,,,,,,,,
ラランテス,0754,248,853,O,O,O,O,X,X,X,X,O,45,,リーフガード,,あまのじゃく,Pokémon-Icon_754,,,,,,,,,,
ヤトウモリ,0757,120,856,O,O,O,O,X,X,X,X,O,77,,ふしょく,,どんかん,Pokémon-Icon_757,,,,,,,,,,
エンニュート,0758,121,857,O,O,O,O,X,X,X,X,O,117,,ふしょく,,どんかん,Pokémon-Icon_758,,,,,,,,,,
アマカジ,0761,81,860,O,O,O,O,X,X,X,X,X,32,,リーフガード,どんかん,スイートベール,Pokémon-Icon_761,,,,,,,,,,
アママイコ,0762,82,861,O,O,O,O,X,X,X,X,X,62,,リーフガード,どんかん,スイートベール,Pokémon-Icon_762,,,,,,,,,,
アマージョ,0763,83,862,O,O,O,O,X,X,X,X,X,72,,リーフガード,じょおうのいげん,スイートベール,Pokémon-Icon_763,,,,,,,,,,
ヤレユータン,0765,313,864,O,O,O,O,X,X,X,X,X,60,,せいしんりょく,テレパシー,きょうせい,Pokémon-Icon_765,,,,,,,,,,
ナゲツケサル,0766,314,865,O,O,O,O,X,X,X,X,X,80,,レシーバー,,まけんき,Pokémon-Icon_766,,,,,,,,,,
スナバァ,0769,322,868,O,O,O,O,X,X,X,X,X,15,,みずがため,,すながくれ,Pokémon-Icon_769,,,,,,,,,,
シロデスナ,0770,323,869,O,O,O,O,X,X,X,X,X,35,,みずがため,,すながくれ,Pokémon-Icon_770,,,,,,,,,,
ネッコアラ,0775,315,875,O,O,O,O,X,X,X,X,X,65,,ぜったいねむり,,,Pokémon-Icon_775,,,,,,,,,,
ミミッキュ,0778,239,878,O,O,O,O,X,X,X,X,O,96,,ばけのかわ,,,Pokémon-Icon_778,,,,,,,,,,
ハギギシリ,0779,335,879,O,O,O,O,X,X,X,X,X,92,,ビビッドボディ,がんじょうあご,ミラクルスキン,Pokémon-Icon_779,,,,,,,,,,
サルノリ,0810,,913,O,X,X,X,X,X,X,X,X,65,,しんりょく,,グラスメイカー,Pokémon-Icon_810,,,,,,,,,,
バチンキー,0811,,914,O,X,X,X,X,X,X,X,X,80,,しんりょく,,グラスメイカー,Pokémon-Icon_811,,,,,,,,,,
ゴリランダー,0812,,915,O,X,X,X,X,X,X,X,X,85,,しんりょく,,グラスメイカー,Pokémon-Icon_812,,,,,,,,,,
ヒバニー,0813,,916,O,X,X,X,X,X,X,X,X,69,,もうか,,リベロ,Pokémon-Icon_813,,,,,,,,,,
ラビフット,0814,,917,O,X,X,X,X,X,X,X,X,94,,もうか,,リベロ,Pokémon-Icon_814,,,,,,,,,,
エースバーン,0815,,918,O,X,X,X,X,X,X,X,X,119,,もうか,,リベロ,Pokémon-Icon_815,,,,,,,,,,
メッソン,0816,,919,O,X,X,X,X,X,X,X,X,70,,げきりゅう,,スナイパー,Pokémon-Icon_816,,,,,,,,,,
ジメレオン,0817,,920,O,X,X,X,X,X,X,X,X,90,,げきりゅう,,スナイパー,Pokémon-Icon_817,,,,,,,,,,
インテレオン,0818,,921,O,X,X,X,X,X,X,X,X,120,,げきりゅう,,スナイパー,Pokémon-Icon_818,,,,,,,,,,
ホシガリス,0819,29,922,O,O,O,O,X,X,X,X,O,25,,ほおぶくろ,,くいしんぼう,Pokémon-Icon_819,,,,,,,,,,
ヨクバリス,0820,30,923,O,O,O,O,X,X,X,X,O,20,,ほおぶくろ,,くいしんぼう,Pokémon-Icon_820,,,,,,,,,,
ココガラ,0821,40,924,O,O,O,O,X,X,X,X,X,57,,するどいめ,きんちょうかん,はとむね,Pokémon-Icon_821,,,,,,,,,,
アオガラス,0822,41,925,O,O,O,O,X,X,X,X,X,77,,するどいめ,きんちょうかん,はとむね,Pokémon-Icon_822,,,,,,,,,,
アーマーガア,0823,42,926,O,O,O,O,X,X,X,X,X,67,,プレッシャー,きんちょうかん,ミラーアーマー,Pokémon-Icon_823,,,,,,,,,,
カムカメ,0833,57,936,O,O,O,O,X,X,X,X,O,44,,がんじょうあご,シェルアーマー,すいすい,Pokémon-Icon_833,,,,,,,,,,
カジリガメ,0834,58,937,O,O,O,O,X,X,X,X,O,74,,がんじょうあご,シェルアーマー,すいすい,Pokémon-Icon_834,,,,,,,,,,
タンドン,0837,91,940,O,O,O,O,X,X,X,X,X,30,,じょうききかん,たいねつ,もらいび,Pokémon-Icon_837,,,,,,,,,,
トロッゴン,0838,92,941,O,O,O,O,X,X,X,X,X,50,,じょうききかん,ほのおのからだ,もらいび,Pokémon-Icon_838,,,,,,,,,,
セキタンザン,0839,93,942,O,O,O,O,X,X,X,X,X,30,,じょうききかん,ほのおのからだ,もらいび,Pokémon-Icon_839,,,,,,,,,,
カジッチュ,0840,108,943,O,O,O,O,X,X,X,X,O,20,,じゅくせい,くいしんぼう,ぼうだん,Pokémon-Icon_840,,,,,,,,,,
アップリュー,0841,109,944,O,O,O,O,X,X,X,X,O,70,,じゅくせい,くいしんぼう,はりきり,Pokémon-Icon_841,,,,,,,,,,
タルップル,0842,110,945,O,O,O,O,X,X,X,X,O,30,,じゅくせい,くいしんぼう,あついしぼう,Pokémon-Icon_842,,,,,,,,,,
スナヘビ,0843,270,946,O,O,O,O,X,X,X,X,X,46,,すなはき,だっぴ,すながくれ,Pokémon-Icon_843,,,,,,,,,,
サダイジャ,0844,271,947,O,O,O,O,X,X,X,X,X,71,,すなはき,だっぴ,すながくれ,Pokémon-Icon_844,,,,,,,,,,
サシカマス,0846,136,949,O,O,O,O,X,X,X,X,O,66,,すいすい,,スクリューおびれ,Pokémon-Icon_846,,,,,,,,,,
カマスジョー,0847,137,950,O,O,O,O,X,X,X,X,O,136,,すいすい,,スクリューおびれ,Pokémon-Icon_847,,,,,,,,,,
エレズン,0848,198,951,O,O,O,O,X,X,X,X,X,40,,びびり,せいでんき,ぶきよう,Pokémon-Icon_848,,,,,,,,,,
ストリンダー(ハイなすがた),0849,199,952,O,O,O,O,X,X,X,X,X,75,,パンクロック,プラス,テクニシャン,Pokémon-Icon_849,,,,,,,,,,
ストリンダー(ローなすがた),0849,199,953,O,O,O,O,X,X,X,X,X,75,,パンクロック,マイナス,テクニシャン,Pokémon-Icon_849a,,,,,,,,,,
ヤバチャ,0854,237,958,O,O,O,O,X,X,X,X,X,50,,くだけるよろい,,のろわれボディ,Pokémon-Icon_854,,,,,,,,,,
ポットデス,0855,238,959,O,O,O,O,X,X,X,X,X,70,,くだけるよろい,,のろわれボディ,Pokémon-Icon_855,,,,,,,,,,
ミブリム,0856,282,960,O,O,O,O,X,X,X,X,O,39,,いやしのこころ,きけんよち,マジックミラー,Pokémon-Icon_856,,,,,,,,,,
テブリム,0857,283,961,O,O,O,O,X,X,X,X,O,49,,いやしのこころ,きけんよち,マジックミラー,Pokémon-Icon_857,,,,,,,,,,
ブリムオン,0858,284,962,O,O,O,O,X,X,X,X,O,29,,いやしのこころ,きけんよち,マジックミラー,Pokémon-Icon_858,,,,,,,,,,
ベロバー,0859,285,963,O,O,O,O,X,X,X,X,O,50,,いたずらごころ,おみとおし,わるいてぐせ,Pokémon-Icon_859,,,,,,,,,,
ギモー,0860,286,964,O,O,O,O,X,X,X,X,O,70,,いたずらごころ,おみとおし,わるいてぐせ,Pokémon-Icon_860,,,,,,,,,,
オーロンゲ,0861,287,965,O,O,O,O,X,X,X,X,O,60,,いたずらごころ,おみとおし,わるいてぐせ,Pokémon-Icon_861,,,,,,,,,,
ニャイキング,0863,,967,O,X,X,X,X,X,X,X,X,50,,カブトアーマー,かたいツメ,はがねのせいしん,Pokémon-Icon_863,,,,,,,,,,
タイレーツ,0870,300,974,O,O,O,O,X,X,X,X,X,75,,カブトアーマー,,まけんき,Pokémon-Icon_870,,,,,,,,,,
バチンウニ,0871,321,975,O,O,O,O,X,X,X,X,X,15,,ひらいしん,,エレキメイカー,Pokémon-Icon_871,,,,,,,,,,
ユキハミ,0872,350,976,O,O,O,O,X,X,X,X,X,20,,りんぷん,,こおりのりんぷん,Pokémon-Icon_872,,,,,,,,,,
モスノウ,0873,351,977,O,O,O,O,X,X,X,X,X,65,,りんぷん,,こおりのりんぷん,Pokémon-Icon_873,,,,,,,,,,
イシヘンジン,0874,319,978,O,O,O,O,X,X,X,X,X,70,,パワースポット,,,Pokémon-Icon_874,,,,,,,,,,
コオリッポ(アイスフェイス),0875,320,979,O,O,O,O,X,X,X,X,X,50,,アイスフェイス,,,Pokémon-Icon_875,,,,,,,,,,
コオリッポ(ナイスフェイス),0875,320,980,O,O,O,O,X,X,X,X,X,130,,アイスフェイス,,,Pokémon-Icon_875a,,,,,,,,,,
イエッサン(オスのすがた),0876,241,981,O,O,O,O,X,X,X,X,O,95,,せいしんりょく,シンクロ,サイコメイカー,Pokémon-Icon_876,,,,,,,,,,
イエッサン(メスのすがた),0876,241,982,O,O,O,O,X,X,X,X,O,85,,マイペース,シンクロ,サイコメイカー,Pokémon-Icon_876a,,,,,,,,,,
ゾウドウ,0878,124,984,O,O,O,O,X,X,X,X,X,40,,ちからずく,,ヘヴィメタル,Pokémon-Icon_878,,,,,,,,,,
ダイオウドウ,0879,125,985,O,O,O,O,X,X,X,X,X,30,,ちからずく,,ヘヴィメタル,Pokémon-Icon_879,,,,,,,,,,
ドラメシヤ,0885,305,991,O,O,O,O,X,X,X,X,X,82,,クリアボディ,すりぬけ,のろわれボディ,Pokémon-Icon_885,,,,,,,,,,
ドロンチ,0886,306,992,O,O,O,O,X,X,X,X,X,102,,クリアボディ,すりぬけ,のろわれボディ,Pokémon-Icon_886,,,,,,,,,,
ドラパルト,0887,307,993,O,O,O,O,X,X,X,X,X,142,,クリアボディ,すりぬけ,のろわれボディ,Pokémon-Icon_887,,,,,,,,,,
ダクマ,0891,,1000,O,X,X,X,X,X,X,X,X,72,,せいしんりょく,,ノーガード,Pokémon-Icon_891,,,,,,,,,,
ウーラオス(れんげきのかた),0892,,1002,O,X,X,X,X,X,X,X,X,97,,ふかしのこぶし,,,Pokémon-Icon_892a,,,,,,,,,,
ウーラオス(いちげきのかた),0892,,1001,O,X,X,X,X,X,X,X,X,97,,ふかしのこぶし,,,Pokémon-Icon_892,,,,,,,,,,
レジエレキ,0894,,1004,O,X,X,X,X,X,X,X,X,200,,トランジスタ,,,Pokémon-Icon_894,,,,,,,,,,
レジドラゴ,0895,,1005,O,X,X,X,X,X,X,X,X,80,,りゅうのあぎと,,,Pokémon-Icon_895,,,,,,,,,,
ブリザポス,0896,,1006,O,X,X,X,X,X,X,X,X,30,,しろのいななき,,,Pokémon-Icon_896,,,,,,,,,,
レイスポス,0897,,1007,O,X,X,X,X,X,X,X,X,130,,くろのいななき,,,Pokémon-Icon_897,,,,,,,,,,
アヤシシ,0899,,1011,O,X,X,X,X,X,X,X,O,65,,いかく,おみとおし,そうしょく,Pokémon-Icon_899,,,,,,,,,,
バサギリ,0900,,1012,O,X,X,X,X,X,X,X,X,85,,むしのしらせ,ちからずく,きれあじ,Pokémon-Icon_900,,,,,,,,,,
ガチグマ(通常),0901,,1013,O,X,X,X,X,X,X,X,X,50,,こんじょう,ぼうだん,きんちょうかん,Pokémon-Icon_901,,,,,,,,,,
イダイトウ(メスのすがた),0902,,1016,O,X,X,X,X,X,X,X,O,78,,すいすい,てきおうりょく,かたやぶり,Pokémon-Icon_902a,,,,,,,,,,
イダイトウ(オスのすがた),0902,,1015,O,X,X,X,X,X,X,X,O,78,,すいすい,てきおうりょく,かたやぶり,Pokémon-Icon_902,,,,,,,,,,
オオニューラ,0903,,1017,O,X,X,X,X,X,X,X,O,120,,プレッシャー,かるわざ,どくしゅ,Pokémon-Icon_903,,,,,,,,,,
ハリーマン,0904,,1018,O,X,X,X,X,X,X,X,X,85,,どくのトゲ,すいすい,いかく,Pokémon-Icon_904,,,,,,,,,,
ラブトロス(けしんフォルム),0905,,1019,O,X,X,X,X,X,X,X,X,106,,メロメロボディ,,あまのじゃく,Pokémon-Icon_905,,,,,,,,,,
ラブトロス(れいじゅうフォルム),0905,,1020,O,X,X,X,X,X,X,X,X,46,,ぼうじん,,,Pokémon-Icon_905a,,,,,,,,,,
ニャオハ,0906,1,1021,O,O,O,O,X,X,X,X,X,65,,しんりょく,,へんげんじざい,Pokémon-Icon_906,,,,,,,,,,
ニャローテ,0907,2,1022,O,O,O,O,X,X,X,X,X,83,,しんりょく,,へんげんじざい,Pokémon-Icon_907,,,,,,,,,,
マスカーニャ,0908,3,1023,O,O,O,O,X,X,X,X,X,123,,しんりょく,,へんげんじざい,Pokémon-Icon_908,,,,,,,,,,
ホゲータ,0909,4,1024,O,O,O,O,X,X,X,X,X,36,,もうか,,てんねん,Pokémon-Icon_909,,,,,,,,,,
アチゲータ,0910,5,1025,O,O,O,O,X,X,X,X,X,49,,もうか,,てんねん,Pokémon-Icon_910,,,,,,,,,,
ラウドボーン,0911,6,1026,O,O,O,O,X,X,X,X,X,66,,もうか,,てんねん,Pokémon-Icon_911,,,,,,,,,,
クワッス,0912,7,1027,O,O,O,O,X,X,X,X,X,50,,げきりゅう,,じしんかじょう,Pokémon-Icon_912,,,,,,,,,,
ウェルカモ,0913,8,1028,O,O,O,O,X,X,X,X,X,65,,げきりゅう,,じしんかじょう,Pokémon-Icon_913,,,,,,,,,,
ウェーニバル,0914,9,1029,O,O,O,O,X,X,X,X,X,85,,げきりゅう,,じしんかじょう,Pokémon-Icon_914,,,,,,,,,,
グルトン,0915,10,1030,O,O,O,O,X,X,X,X,X,35,,アロマベール,くいしんぼう,あついしぼう,Pokémon-Icon_915,,,,,,,,,,
パフュートン(オスのすがた),0916,11,1031,O,O,O,O,X,X,X,X,X,65,,とれないにおい,くいしんぼう,あついしぼう,Pokémon-Icon_916,,,,,,,,,,
パフュートン(メスのすがた),0916,11,1032,O,O,O,O,X,X,X,X,X,65,,アロマベール,くいしんぼう,あついしぼう,Pokémon-Icon_916a,,,,,,,,,,
タマンチュラ,0917,12,1033,O,O,O,O,X,X,X,X,X,20,,ふみん,,はりこみ,Pokémon-Icon_917,,,,,,,,,,
ワナイダー,0918,13,1034,O,O,O,O,X,X,X,X,X,35,,ふみん,,はりこみ,Pokémon-Icon_918,,,,,,,,,,
マメバッタ,0919,14,1035,O,O,O,O,X,X,X,X,X,45,,むしのしらせ,,いろめがね,Pokémon-Icon_919,,,,,,,,,,
エクスレッグ,0920,15,1036,O,O,O,O,X,X,X,X,X,92,,むしのしらせ,,いろめがね,Pokémon-Icon_920,,,,,,,,,,
パモ,0921,22,1037,O,O,O,O,X,X,X,X,X,60,,せいでんき,しぜんかいふく,てつのこぶし,Pokémon-Icon_921,,,,,,,,,,
パモット,0922,23,1038,O,O,O,O,X,X,X,X,X,85,,ちくでん,しぜんかいふく,てつのこぶし,Pokémon-Icon_922,,,,,,,,,,
パーモット,0923,24,1039,O,O,O,O,X,X,X,X,X,105,,ちくでん,しぜんかいふく,てつのこぶし,Pokémon-Icon_923,,,,,,,,,,
ワッカネズミ,0924,71,1040,O,O,O,O,X,X,X,X,O,75,,にげあし,ものひろい,マイペース,Pokémon-Icon_924,,,,,,,,,,
イッカネズミ(3びきかぞく),0925,72,1041,O,O,O,O,X,X,X,X,O,111,,フレンドガード,ほおぶくろ,テクニシャン,Pokémon-Icon_925,,,,,,,,,,
パピモッチ,0926,76,1043,O,O,O,O,X,X,X,X,X,65,,マイペース,マイペース,ぶきよう,Pokémon-Icon_926,,,,,,,,,,
バウッツェル,0927,77,1044,O,O,O,O,X,X,X,X,X,95,,こんがりボディ,こんがりボディ,アロマベール,Pokémon-Icon_927,,,,,,,,,,
ミニーブ,0928,84,1045,O,O,O,O,X,X,X,X,X,30,,はやおき,はやおき,しゅうかく,Pokémon-Icon_928,,,,,,,,,,
オリーニョ,0929,85,1046,O,O,O,O,X,X,X,X,X,33,,はやおき,はやおき,しゅうかく,Pokémon-Icon_929,,,,,,,,,,
オリーヴァ,0930,86,1047,O,O,O,O,X,X,X,X,X,39,,こぼれダネ,こぼれダネ,しゅうかく,Pokémon-Icon_930,,,,,,,,,,
イキリンコ(グリーンフェザー),0931,113,1049,O,O,O,O,X,X,X,X,X,92,,いかく,はりきり,こんじょう,Pokémon-Icon_931,,,,,,,,,,
イキリンコ(ブルーフェザー),0931,113,1050,O,O,O,O,X,X,X,X,X,92,,いかく,はりきり,こんじょう,Pokémon-Icon_931a,,,,,,,,,,
イキリンコ(イエローフェザー),0931,113,1048,O,O,O,O,X,X,X,X,X,92,,いかく,はりきり,ちからずく,Pokémon-Icon_931b,,,,,,,,,,
イキリンコ(ホワイトフェザー),0931,113,1051,O,O,O,O,X,X,X,X,X,92,,いかく,はりきり,ちからずく,Pokémon-Icon_931c,,,,,,,,,,
コジオ,0932,129,1052,O,O,O,O,X,X,X,X,X,25,,きよめのしお,がんじょう,クリアボディ,Pokémon-Icon_932,,,,,,,,,,
ジオヅム,0933,130,1053,O,O,O,O,X,X,X,X,X,35,,きよめのしお,がんじょう,クリアボディ,Pokémon-Icon_933,,,,,,,,,,
キョジオーン,0934,131,1054,O,O,O,O,X,X,X,X,X,35,,きよめのしお,がんじょう,クリアボディ,Pokémon-Icon_934,,,,,,,,,,
カルボウ,0935,165,1055,O,O,O,O,X,X,X,X,X,35,,もらいび,,ほのおのからだ,Pokémon-Icon_935,,,,,,,,,,
グレンアルマ,0936,166,1056,O,O,O,O,X,X,X,X,X,75,,もらいび,,くだけるよろい,Pokémon-Icon_936,,,,,,,,,,
ソウブレイズ,0937,167,1057,O,O,O,O,X,X,X,X,X,85,,もらいび,,くだけるよろい,Pokémon-Icon_937,,,,,,,,,,
ズピカ,0938,170,1058,O,O,O,O,X,X,X,X,X,45,,マイペース,せいでんき,しめりけ,Pokémon-Icon_938,,,,,,,,,,
ハラバリー,0939,171,1059,O,O,O,O,X,X,X,X,X,45,,でんきにかえる,せいでんき,しめりけ,Pokémon-Icon_939,,,,,,,,,,
カイデン,0940,177,1060,O,O,O,O,X,X,X,X,X,70,,ふうりょくでんき,ちくでん,かちき,Pokémon-Icon_940,,,,,,,,,,
タイカイデン,0941,178,1061,O,O,O,O,X,X,X,X,X,125,,ふうりょくでんき,ちくでん,かちき,Pokémon-Icon_941,,,,,,,,,,
オラチフ,0942,196,1062,O,O,O,O,X,X,X,X,X,51,,いかく,にげあし,はりこみ,Pokémon-Icon_942,,,,,,,,,,
マフィティフ,0943,197,1063,O,O,O,O,X,X,X,X,X,85,,いかく,ばんけん,はりこみ,Pokémon-Icon_943,,,,,,,,,,
シルシュルー,0944,202,1064,O,O,O,O,X,X,X,X,X,75,,かるわざ,わるいてぐせ,いたずらごころ,Pokémon-Icon_944,,,,,,,,,,
タギングル,0945,203,1065,O,O,O,O,X,X,X,X,X,110,,かるわざ,どくしゅ,いたずらごころ,Pokémon-Icon_945,,,,,,,,,,
アノクサ,0946,242,1066,O,O,O,O,X,X,X,X,X,60,,かぜのり,かぜのり,すりぬけ,Pokémon-Icon_946,,,,,,,,,,
アノホラグサ,0947,243,1067,O,O,O,O,X,X,X,X,X,90,,かぜのり,かぜのり,すりぬけ,Pokémon-Icon_947,,,,,,,,,,
ノノクラゲ,0948,244,1068,O,O,O,O,X,X,X,X,O,70,,きんしのちから,,,Pokémon-Icon_948,,,,,,,,,,
リククラゲ,0949,245,1069,O,O,O,O,X,X,X,X,O,100,,きんしのちから,,,Pokémon-Icon_949,,,,,,,,,,
ガケガニ,0950,249,1070,O,O,O,O,X,X,X,X,X,75,,いかりのこうら,シェルアーマー,さいせいりょく,Pokémon-Icon_950,,,,,,,,,,
カプサイジ,0951,250,1071,O,O,O,O,X,X,X,X,X,50,,ようりょくそ,ふみん,ぶきよう,Pokémon-Icon_951,,,,,,,,,,
スコヴィラン,0952,251,1072,O,O,O,O,X,X,X,X,X,75,,ようりょくそ,ふみん,ムラっけ,Pokémon-Icon_952,,,,,,,,,,
シガロコ,0953,254,1073,O,O,O,O,X,X,X,X,X,30,,ふくがん,ふくがん,だっぴ,Pokémon-Icon_953,,,,,,,,,,
ベラカス,0954,255,1074,O,O,O,O,X,X,X,X,X,45,,シンクロ,シンクロ,テレパシー,Pokémon-Icon_954,,,,,,,,,,
ヒラヒナ,0955,263,1075,O,O,O,O,X,X,X,X,X,75,,きけんよち,おみとおし,かそく,Pokémon-Icon_955,,,,,,,,,,
クエスパトラ,0956,264,1076,O,O,O,O,X,X,X,X,X,105,,びんじょう,おみとおし,かそく,Pokémon-Icon_956,,,,,,,,,,
カヌチャン,0957,279,1077,O,O,O,O,X,X,X,X,X,58,,かたやぶり,マイペース,わるいてぐせ,Pokémon-Icon_957,,,,,,,,,,
ナカヌチャン,0958,280,1078,O,O,O,O,X,X,X,X,X,78,,かたやぶり,マイペース,わるいてぐせ,Pokémon-Icon_958,,,,,,,,,,
デカヌチャン,0959,281,1079,O,O,O,O,X,X,X,X,X,94,,かたやぶり,マイペース,わるいてぐせ,Pokémon-Icon_959,,,,,,,,,,
ウミディグダ,0960,288,1080,O,O,O,O,X,X,X,X,X,95,,ぬめぬめ,びびり,すながくれ,Pokémon-Icon_960,,,,,,,,,,
ウミトリオ,0961,289,1081,O,O,O,O,X,X,X,X,X,120,,ぬめぬめ,びびり,すながくれ,Pokémon-Icon_961,,,,,,,,,,
オトシドリ,0962,290,1082,O,O,O,O,X,X,X,X,O,82,,はとむね,するどいめ,いわはこび,Pokémon-Icon_962,,,,,,,,,,
ナミイルカ,0963,291,1083,O,O,O,O,X,X,X,X,X,75,,みずのベール,みずのベール,みずのベール,Pokémon-Icon_963,,,,,,,,,,
イルカマン(ナイーブフォルム),0964,292,1084,O,O,O,O,X,X,X,X,X,100,,マイティチェンジ,,,Pokémon-Icon_964,,,,,,,,,,
イルカマン(マイティフォルム),0964,292,1085,O,O,O,O,X,X,X,X,X,100,,マイティチェンジ,,,Pokémon-Icon_964a,,,,,,,,,,
ブロロン,0965,293,1086,O,O,O,O,X,X,X,X,X,47,,ぼうじん,ぼうじん,スロースタート,Pokémon-Icon_965,,,,,,,,,,
ブロロローム,0966,294,1087,O,O,O,O,X,X,X,X,X,90,,ぼうじん,ぼうじん,フィルター,Pokémon-Icon_966,,,,,,,,,,
モトトカゲ,0967,295,1088,O,O,O,O,X,X,X,X,X,121,,だっぴ,だっぴ,さいせいりょく,Pokémon-Icon_967,,,,,,,,,,
ミミズズ,0968,296,1089,O,O,O,O,X,X,X,X,O,65,,どしょく,どしょく,すながくれ,Pokémon-Icon_968,,,,,,,,,,
キラーメ,0969,308,1090,O,O,O,O,X,X,X,X,O,60,,どくげしょう,,,Pokémon-Icon_969,,,,,,,,,,
キラフロル,0970,309,1091,O,O,O,O,X,X,X,X,O,86,,どくげしょう,,,Pokémon-Icon_970,,,,,,,,,,
ボチ,0971,311,1092,O,O,O,O,X,X,X,X,X,34,,ものひろい,ものひろい,もふもふ,Pokémon-Icon_971,,,,,,,,,,
ハカドッグ,0972,312,1093,O,O,O,O,X,X,X,X,X,68,,すなかき,すなかき,もふもふ,Pokémon-Icon_972,,,,,,,,,,
カラミンゴ,0973,346,1094,O,O,O,O,X,X,X,X,X,90,,きもったま,ちどりあし,きょうえん,Pokémon-Icon_973,,,,,,,,,,
アルクジラ,0974,361,1095,O,O,O,O,X,X,X,X,X,43,,あついしぼう,ゆきがくれ,ちからずく,Pokémon-Icon_974,,,,,,,,,,
ハルクジラ,0975,362,1096,O,O,O,O,X,X,X,X,X,73,,あついしぼう,ゆきかき,ちからずく,Pokémon-Icon_975,,,,,,,,,,
ミガルーサ,0976,373,1097,O,O,O,O,X,X,X,X,X,70,,かたやぶり,かたやぶり,きれあじ,Pokémon-Icon_976,,,,,,,,,,
ヘイラッシャ,0977,374,1098,O,O,O,O,X,X,X,X,X,35,,てんねん,どんかん,みずのベール,Pokémon-Icon_977,,,,,,,,,,
シャリタツ(そったすがた),0978,375,1099,O,O,O,O,X,X,X,X,X,82,,しれいとう,,よびみず,Pokémon-Icon_978,,,,,,,,,,
シャリタツ(たれたすがた),0978,375,1100,O,O,O,O,X,X,X,X,X,82,,しれいとう,,よびみず,Pokémon-Icon_978a,,,,,,,,,,
シャリタツ(のびたすがた),0978,375,1101,O,O,O,O,X,X,X,X,X,82,,しれいとう,,よびみず,Pokémon-Icon_978b,,,,,,,,,,
コノヨザル,0979,160,1102,O,O,O,O,X,X,X,X,O,90,,やるき,せいしんりょく,まけんき,Pokémon-Icon_979,,,,,,,,,,
ドオー,0980,54,1103,O,O,O,O,X,X,X,X,O,20,,どくのトゲ,ちょすい,てんねん,Pokémon-Icon_980,,,,,,,,,,
リキキリン,0981,193,1104,O,O,O,O,X,X,X,X,X,60,,はんすう,テイルアーマー,そうしょく,Pokémon-Icon_981,,,,,,,,,,
ノココッチ(ふたふしフォルム),0982,189,1105,O,O,O,O,X,X,X,X,O,55,,てんのめぐみ,にげあし,びびり,Pokémon-Icon_982,,,,,,,,,,
ドドゲザン,0983,369,1107,O,O,O,O,X,X,X,X,O,50,,まけんき,そうだいしょう,プレッシャー,Pokémon-Icon_983,,,,,,,,,,
イダイナキバ,0984,376,1108,O,O,O,X,X,X,X,X,X,87,,こだいかっせい,,,Pokémon-Icon_984,,,,,,,,,,
サケブシッポ,0985,377,1109,O,O,O,X,X,X,X,X,X,111,,こだいかっせい,,,Pokémon-Icon_985,,,,,,,,,,
アラブルタケ,0986,378,1110,O,O,O,X,X,X,X,X,X,55,,こだいかっせい,,,Pokémon-Icon_986,,,,,,,,,,
ハバタクカミ,0987,379,1111,O,O,O,X,X,X,X,X,X,135,,こだいかっせい,,,Pokémon-Icon_987,,,,,,,,,,
チヲハウハネ,0988,380,1112,O,O,O,X,X,X,X,X,X,81,,こだいかっせい,,,Pokémon-Icon_988,,,,,,,,,,
スナノケガワ,0989,381,1113,O,O,O,X,X,X,X,X,X,101,,こだいかっせい,,,Pokémon-Icon_989,,,,,,,,,,
テツノワダチ,0990,382,1114,O,O,O,X,X,X,X,X,X,106,,クォークチャージ,,,Pokémon-Icon_990,,,,,,,,,,
テツノツツミ,0991,383,1115,O,O,O,X,X,X,X,X,X,136,,クォークチャージ,,,Pokémon-Icon_991,,,,,,,,,,
テツノカイナ,0992,384,1116,O,O,O,X,X,X,X,X,X,50,,クォークチャージ,,,Pokémon-Icon_992,,,,,,,,,,
テツノコウベ,0993,385,1117,O,O,O,X,X,X,X,X,X,108,,クォークチャージ,,,Pokémon-Icon_993,,,,,,,,,,
テツノドクガ,0994,386,1118,O,O,O,X,X,X,X,X,X,110,,クォークチャージ,,,Pokémon-Icon_994,,,,,,,,,,
テツノイバラ,0995,387,1119,O,O,O,X,X,X,X,X,X,72,,クォークチャージ,,,Pokémon-Icon_995,,,,,,,,,,
セビエ,0996,388,1120,O,O,O,O,X,X,X,X,X,55,,ねつこうかん,,アイスボディ,Pokémon-Icon_996,,,,,,,,,,
セゴール,0997,389,1121,O,O,O,O,X,X,X,X,X,62,,ねつこうかん,,アイスボディ,Pokémon-Icon_997,,,,,,,,,,
セグレイブ,0998,390,1122,O,O,O,O,X,X,X,X,X,87,,ねつこうかん,,アイスボディ,Pokémon-Icon_998,,,,,,,,,,
コレクレー(はこフォルム),0999,391,1124,O,O,O,O,X,X,X,X,X,10,,びびり,,,Pokémon-Icon_999,,,,,,,,,,
サーフゴー,1000,392,1125,O,O,O,O,X,X,X,X,X,84,,おうごんのからだ,,,Pokémon-Icon_1000,,,,,,,,,,
チオンジェン,1001,393,1126,O,O,X,X,X,X,X,X,X,70,,わざわいのおふだ,,,Pokémon-Icon_1001,,,,,,,,,,
パオジアン,1002,394,1127,O,O,X,X,X,X,X,X,X,135,,わざわいのつるぎ,,,Pokémon-Icon_1002,,,,,,,,,,
ディンルー,1003,395,1128,O,O,X,X,X,X,X,X,X,45,,わざわいのうつわ,,,Pokémon-Icon_1003,,,,,,,,,,
イーユイ,1004,396,1129,O,O,X,X,X,X,X,X,X,100,,わざわいのたま,,,Pokémon-Icon_1004,,,,,,,,,,
トドロクツキ,1005,397,1130,O,O,O,O,X,X,X,X,X,119,,こだいかっせい,,,Pokémon-Icon_1005,,,,,,,,,,
テツノブジン,1006,398,1131,O,O,O,O,X,X,X,X,X,116,,クォークチャージ,,,Pokémon-Icon_1006,,,,,,,,,,
ミュウツー,0150,,185,X,X,X,X,X,X,X,X,X,130,,プレッシャー,,きんちょうかん,Pokémon-Icon_150,,,,,,,,,,
ミュウ,0151,,186,X,X,X,X,X,X,X,X,X,100,,シンクロ,,,Pokémon-Icon_151,,,,,,,,,,
カイオーガ,0382,,425,X,X,X,X,X,X,X,X,X,90,,あめふらし,,,Pokémon-Icon_382,,,,,,,,,,
グラードン,0383,,426,X,X,X,X,X,X,X,X,X,90,,ひでり,,,Pokémon-Icon_383,,,,,,,,,,
レックウザ,0384,,427,X,X,X,X,X,X,X,X,X,95,,エアロック,,,Pokémon-Icon_384,,,,,,,,,,
ディアルガ(通常),0483,,536,X,X,X,X,X,X,X,X,X,90,,プレッシャー,,テレパシー,Pokémon-Icon_483,,,,,,,,,,
ディアルガ(オリジンフォルム),0483,,537,X,X,X,X,X,X,X,X,X,90,,プレッシャー,,テレパシー,Pokémon-Icon_483a,,,,,,,,,,
パルキア(通常),0484,,538,X,X,X,X,X,X,X,X,X,100,,プレッシャー,,テレパシー,Pokémon-Icon_484,,,,,,,,,,
パルキア(オリジンフォルム),0484,,539,X,X,X,X,X,X,X,X,X,120,,プレッシャー,,テレパシー,Pokémon-Icon_484a,,,,,,,,,,
ギラティナ(アナザーフォルム),0487,,543,X,X,X,X,X,X,X,X,X,90,,プレッシャー,,テレパシー,Pokémon-Icon_487,,,,,,,,,,
ギラティナ(オリジンフォルム),0487,,542,X,X,X,X,X,X,X,X,X,90,,ふゆう,,,Pokémon-Icon_487a,,,,,,,,,,
アルセウス,0493,,550,X,X,X,X,X,X,X,X,X,120,,マルチタイプ,,,Pokémon-Icon_493,,,,,,,,,,
メロエッタ(ステップフォルム),0648,,724,X,X,X,X,X,X,X,X,X,128,,てんのめぐみ,,,Pokémon-Icon_648,,,,,,,,,,
メロエッタ(ボイスフォルム),0648,,725,X,X,X,X,X,X,X,X,X,90,,てんのめぐみ,,,Pokémon-Icon_648a,,,,,,,,,,
ディアンシー,0719,,810,X,X,X,X,X,X,X,X,X,50,,クリアボディ,,,Pokémon-Icon_719,,,,,,,,,,
フーパ(いましめられしフーパ),0720,,811,X,X,X,X,X,X,X,X,X,70,,マジシャン,,,Pokémon-Icon_720a,,,,,,,,,,
フーパ(ときはなたれしフーパ),0720,,812,X,X,X,X,X,X,X,X,X,80,,マジシャン,,,Pokémon-Icon_720,,,,,,,,,,
ボルケニオン,0721,,813,X,X,X,X,X,X,X,X,X,70,,ちょすい,,,Pokémon-Icon_721,,,,,,,,,,
マギアナ,0801,,904,X,X,X,X,X,X,X,X,X,65,,ソウルハート,,,Pokémon-Icon_801,,,,,,,,,,
ザシアン(けんのおう),0888,,994,X,X,X,X,X,X,X,X,X,148,,ふとうのけん,,,Pokémon-Icon_888,,,,,,,,,,
ザシアン(れきせんのゆうしゃ),0888,,995,X,X,X,X,X,X,X,X,X,138,,ふとうのけん,,,Pokémon-Icon_888a,,,,,,,,,,
ザマゼンタ(たてのおう),0889,,996,X,X,X,X,X,X,X,X,X,128,,ふくつのたて,,,Pokémon-Icon_889,,,,,,,,,,
ザマゼンタ(れきせんのゆうしゃ),0889,,997,X,X,X,X,X,X,X,X,X,138,,ふくつのたて,,,Pokémon-Icon_889a,,,,,,,,,,
ムゲンダイナ(通常),0890,,998,X,X,X,X,X,X,X,X,X,130,,プレッシャー,,,Pokémon-Icon_890,,,,,,,,,,
ザルード,0893,,1003,X,X,X,X,X,X,X,X,X,105,,リーフガード,,,Pokémon-Icon_893,,,,,,,,,,
バドレックス(通常),0898,,1008,X,X,X,X,X,X,X,X,X,80,,きんちょうかん,,,Pokémon-Icon_898,,,,,,,,,,
コライドン(バトルフォルム),1007,399,1132,X,X,X,X,X,X,X,X,X,135,,ひひいろのこどう,,,Pokémon-Icon_1007,,,,,,,,,,
ミライドン(バトルフォルム),1008,400,1134,X,X,X,X,X,X,X,X,X,135,,ハドロンエンジン,,,Pokémon-Icon_1008,,,,,,,,,,
ウネルミナモ,1009,,1136,X,X,X,X,X,X,X,X,X,109,,こだいかっせい,,,Pokémon-Icon_1009,,,,,,,,,,
テツノイサハ,1010,,1137,X,X,X,X,X,X,X,X,X,104,,ハドロンエンジン,,,Pokémon-Icon_1010,,,,,,,,,,
フシギダネ,0001,,0,X,X,X,X,X,O,O,X,X,45,,しんりょく,,ようりょくそ,Pokémon-Icon_001,,,,,,,,,,
フシギソウ,0002,,1,X,X,X,X,X,O,O,X,X,60,,しんりょく,,ようりょくそ,Pokémon-Icon_002,,,,,,,,,,
フシギバナ,0003,,2,X,X,X,X,X,O,O,X,X,80,,しんりょく,,ようりょくそ,Pokémon-Icon_003,,,,,,,,,,
ゼニガメ,0007,,6,X,X,X,X,X,O,O,X,X,43,,げきりゅう,,あめうけざら,Pokémon-Icon_007,,,,,,,,,,
カメール,0008,,7,X,X,X,X,X,O,O,X,X,58,,げきりゅう,,あめうけざら,Pokémon-Icon_008,,,,,,,,,,
カメックス,0009,,8,X,X,X,X,X,O,O,X,X,78,,げきりゅう,,あめうけざら,Pokémon-Icon_009,,,,,,,,,,
アーボ,0023,,24,X,X,X,X,X,O,X,O,O,55,,いかく,だっぴ,きんちょうかん,Pokémon-Icon_023,,,,,,,,,,
アーボック,0024,,25,X,X,X,X,X,O,X,O,O,80,,いかく,だっぴ,きんちょうかん,Pokémon-Icon_024,,,,,,,,,,
サンド(原種),0027,,29,X,X,X,X,X,O,X,O,O,40,,すながくれ,,すなかき,Pokémon-Icon_027,,,,,,,,,,
サンド(アローラのすがた),0027,,30,X,X,X,X,X,O,X,O,O,40,,ゆきがくれ,,ゆきかき,Pokémon-Icon_027a,,,,,,,,,,
サンドパン(原種),0028,,31,X,X,X,X,X,O,X,O,O,65,,すながくれ,,すなかき,Pokémon-Icon_028,,,,,,,,,,
サンドパン(アローラのすがた),0028,,32,X,X,X,X,X,O,X,O,O,65,,ゆきがくれ,,ゆきかき,Pokémon-Icon_028a,,,,,,,,,,
ピッピ,0035,,39,X,X,X,X,X,O,X,O,O,35,,メロメロボディ,マジックガード,フレンドガード,Pokémon-Icon_035,,,,,,,,,,
ピクシー,0036,,40,X,X,X,X,X,O,X,O,O,60,,メロメロボディ,マジックガード,てんねん,Pokémon-Icon_036,,,,,,,,,,
ロコン(原種),0037,,41,X,X,X,X,X,O,X,O,O,65,,もらいび,,ひでり,Pokémon-Icon_037,,,,,,,,,,
ロコン(アローラのすがた),0037,,42,X,X,X,X,X,O,X,O,O,65,,ゆきがくれ,,ゆきふらし,Pokémon-Icon_037a,,,,,,,,,,
キュウコン(原種),0038,,43,X,X,X,X,X,O,X,O,O,100,,もらいび,,ひでり,Pokémon-Icon_038,,,,,,,,,,
キュウコン(アローラのすがた),0038,,44,X,X,X,X,X,O,X,O,O,109,,ゆきがくれ,,ゆきふらし,Pokémon-Icon_038a,,,,,,,,,,
ナゾノクサ,0043,,49,X,X,X,X,X,O,O,X,X,30,,ようりょくそ,,にげあし,Pokémon-Icon_043,,,,,,,,,,
クサイハナ,0044,,50,X,X,X,X,X,O,O,X,X,40,,ようりょくそ,,あくしゅう,Pokémon-Icon_044,,,,,,,,,,
ラフレシア,0045,,51,X,X,X,X,X,O,O,X,X,50,,ようりょくそ,,ほうし,Pokémon-Icon_045,,,,,,,,,,
ニョロモ,0060,,73,X,X,X,X,X,O,X,O,O,90,,ちょすい,しめりけ,すいすい,Pokémon-Icon_060,,,,,,,,,,
ニョロゾ,0061,,74,X,X,X,X,X,O,X,O,O,90,,ちょすい,しめりけ,すいすい,Pokémon-Icon_061,,,,,,,,,,
ニョロボン,0062,,75,X,X,X,X,X,O,X,O,O,70,,ちょすい,しめりけ,すいすい,Pokémon-Icon_062,,,,,,,,,,
マダツボミ,0069,,82,X,X,X,X,X,O,X,O,O,40,,ようりょくそ,,くいしんぼう,Pokémon-Icon_069,,,,,,,,,,
ウツドン,0070,,83,X,X,X,X,X,O,X,O,O,55,,ようりょくそ,,くいしんぼう,Pokémon-Icon_070,,,,,,,,,,
ウツボット,0071,,84,X,X,X,X,X,O,X,O,O,70,,ようりょくそ,,くいしんぼう,Pokémon-Icon_071,,,,,,,,,,
メノクラゲ,0072,,85,X,X,X,X,X,O,X,O,O,70,,クリアボディ,ヘドロえき,あめうけざら,Pokémon-Icon_072,,,,,,,,,,
ドククラゲ,0073,,86,X,X,X,X,X,O,X,O,O,100,,クリアボディ,ヘドロえき,あめうけざら,Pokémon-Icon_073,,,,,,,,,,
イシツブテ(原種),0074,,87,X,X,X,X,X,O,X,O,O,20,,いしあたま,がんじょう,すながくれ,Pokémon-Icon_074,,,,,,,,,,
イシツブテ(アローラのすがた),0074,,88,X,X,X,X,X,O,X,O,O,20,,じりょく,がんじょう,エレキスキン,Pokémon-Icon_074a,,,,,,,,,,
ゴローン(原種),0075,,89,X,X,X,X,X,O,X,O,O,35,,いしあたま,がんじょう,すながくれ,Pokémon-Icon_075,,,,,,,,,,
ゴローン(アローラのすがた),0075,,90,X,X,X,X,X,O,X,O,O,35,,じりょく,がんじょう,エレキスキン,Pokémon-Icon_075a,,,,,,,,,,
ゴローニャ(原種),0076,,91,X,X,X,X,X,O,X,O,O,45,,いしあたま,がんじょう,すながくれ,Pokémon-Icon_076,,,,,,,,,,
ゴローニャ(アローラのすがた),0076,,92,X,X,X,X,X,O,X,O,O,45,,じりょく,がんじょう,エレキスキン,Pokémon-Icon_076a,,,,,,,,,,
ドードー,0084,,105,X,X,X,X,X,O,O,X,X,75,,にげあし,はやおき,ちどりあし,Pokémon-Icon_084,,,,,,,,,,
ドードリオ,0085,,106,X,X,X,X,X,O,O,X,X,110,,にげあし,はやおき,ちどりあし,Pokémon-Icon_085,,,,,,,,,,
パウワウ,0086,,107,X,X,X,X,X,O,O,X,X,45,,あついしぼう,うるおいボディ,アイスボディ,Pokémon-Icon_086,,,,,,,,,,
ジュゴン,0087,,108,X,X,X,X,X,O,O,X,X,70,,あついしぼう,うるおいボディ,アイスボディ,Pokémon-Icon_087,,,,,,,,,,
タマタマ,0102,,127,X,X,X,X,X,O,O,X,X,40,,ようりょくそ,,しゅうかく,Pokémon-Icon_102,,,,,,,,,,
ナッシー(原種),0103,,128,X,X,X,X,X,O,O,X,X,55,,ようりょくそ,,しゅうかく,Pokémon-Icon_103,,,,,,,,,,
ナッシー(アローラのすがた),0103,,129,X,X,X,X,X,O,O,X,X,45,,おみとおし,,しゅうかく,Pokémon-Icon_103a,,,,,,,,,,
サワムラー,0106,,133,X,X,X,X,X,O,O,X,X,87,,じゅうなん,すてみ,かるわざ,Pokémon-Icon_106,,,,,,,,,,
エビワラー,0107,,134,X,X,X,X,X,O,O,X,X,76,,するどいめ,てつのこぶし,せいしんりょく,Pokémon-Icon_107,,,,,,,,,,
ドガース,0109,,136,X,X,X,X,X,O,X,O,O,35,,ふゆう,かがくへんかガス,あくしゅう,Pokémon-Icon_109,,,,,,,,,,
マタドガス(原種),0110,,137,X,X,X,X,X,O,X,O,O,60,,ふゆう,かがくへんかガス,あくしゅう,Pokémon-Icon_110,,,,,,,,,,
マタドガス(ガラルのすがた),0110,,138,X,X,X,X,X,O,X,O,O,60,,ふゆう,かがくへんかガス,ミストメイカー,Pokémon-Icon_110a,,,,,,,,,,
サイホーン,0111,,139,X,X,X,X,X,O,O,X,X,25,,ひらいしん,いしあたま,すてみ,Pokémon-Icon_111,,,,,,,,,,
サイドン,0112,,140,X,X,X,X,X,O,O,X,X,40,,ひらいしん,いしあたま,すてみ,Pokémon-Icon_112,,,,,,,,,,
タッツー,0116,,144,X,X,X,X,X,O,O,X,X,60,,すいすい,スナイパー,しめりけ,Pokémon-Icon_116,,,,,,,,,,
シードラ,0117,,145,X,X,X,X,X,O,O,X,X,85,,どくのトゲ,スナイパー,しめりけ,Pokémon-Icon_117,,,,,,,,,,
エレブー,0125,,154,X,X,X,X,X,O,X,X,X,105,,せいでんき,,やるき,Pokémon-Icon_125,,,,,,,,,,
ブーバー,0126,,155,X,X,X,X,X,O,O,X,X,93,,ほのおのからだ,,やるき,Pokémon-Icon_126,,,,,,,,,,
ラプラス,0131,,163,X,X,X,X,X,O,O,X,X,60,,ちょすい,シェルアーマー,うるおいボディ,Pokémon-Icon_131,,,,,,,,,,
ポリゴン,0137,,169,X,X,X,X,X,O,X,X,X,40,,トレース,ダウンロード,アナライズ,Pokémon-Icon_137,,,,,,,,,,
カビゴン,0143,,175,X,X,X,X,X,O,X,O,O,30,,めんえき,あついしぼう,くいしんぼう,Pokémon-Icon_143,,,,,,,,,,
チコリータ,0152,,187,X,X,X,X,X,O,O,X,X,45,,しんりょく,,リーフガード,Pokémon-Icon_152,,,,,,,,,,
ベイリーフ,0153,,188,X,X,X,X,X,O,O,X,X,60,,しんりょく,,リーフガード,Pokémon-Icon_153,,,,,,,,,,
メガニウム,0154,,189,X,X,X,X,X,O,O,X,X,80,,しんりょく,,リーフガード,Pokémon-Icon_154,,,,,,,,,,
ワニノコ,0158,,194,X,X,X,X,X,O,O,X,X,43,,げきりゅう,,ちからずく,Pokémon-Icon_158,,,,,,,,,,
アリゲイツ,0159,,195,X,X,X,X,X,O,O,X,X,58,,げきりゅう,,ちからずく,Pokémon-Icon_159,,,,,,,,,,
オーダイル,0160,,196,X,X,X,X,X,O,O,X,X,78,,げきりゅう,,ちからずく,Pokémon-Icon_160,,,,,,,,,,
オタチ,0161,,197,X,X,X,X,X,O,X,O,O,20,,にげあし,するどいめ,おみとおし,Pokémon-Icon_161,,,,,,,,,,
オオタチ,0162,,198,X,X,X,X,X,O,X,O,O,90,,にげあし,するどいめ,おみとおし,Pokémon-Icon_162,,,,,,,,,,
ホーホー,0163,,199,X,X,X,X,X,O,X,O,O,50,,ふみん,するどいめ,いろめがね,Pokémon-Icon_163,,,,,,,,,,
ヨルノズク,0164,,200,X,X,X,X,X,O,X,O,O,70,,ふみん,するどいめ,いろめがね,Pokémon-Icon_164,,,,,,,,,,
イトマル,0167,,203,X,X,X,X,X,O,X,O,O,30,,むしのしらせ,ふみん,スナイパー,Pokémon-Icon_167,,,,,,,,,,
アリアドス,0168,,204,X,X,X,X,X,O,X,O,O,40,,むしのしらせ,ふみん,スナイパー,Pokémon-Icon_168,,,,,,,,,,
チョンチー,0170,,206,X,X,X,X,X,O,X,X,X,67,,ちくでん,はっこう,ちょすい,Pokémon-Icon_170,,,,,,,,,,
ランターン,0171,,207,X,X,X,X,X,O,X,X,X,67,,ちくでん,はっこう,ちょすい,Pokémon-Icon_171,,,,,,,,,,
ピィ,0173,,209,X,X,X,X,X,O,X,O,X,15,,メロメロボディ,マジックガード,フレンドガード,Pokémon-Icon_173,,,,,,,,,,
キレイハナ,0182,,218,X,X,X,X,X,O,O,X,X,50,,ようりょくそ,,いやしのこころ,Pokémon-Icon_182,,,,,,,,,,
ニョロトノ,0186,,222,X,X,X,X,X,O,X,O,O,70,,ちょすい,しめりけ,あめふらし,Pokémon-Icon_186,,,,,,,,,,
エイパム,0190,,226,X,X,X,X,X,O,X,O,O,85,,にげあし,ものひろい,スキルリンク,Pokémon-Icon_190,,,,,,,,,,
ヤンヤンマ,0193,,229,X,X,X,X,X,O,X,O,O,95,,かそく,ふくがん,おみとおし,Pokémon-Icon_193,,,,,,,,,,
グライガー,0207,,245,X,X,X,X,X,O,X,O,O,85,,かいりきバサミ,すながくれ,めんえき,Pokémon-Icon_207,,,,,,,,,,
ブルー,0209,,247,X,X,X,X,X,O,X,X,X,30,,いかく,にげあし,びびり,Pokémon-Icon_209,,,,,,,,,,
グランブル,0210,,248,X,X,X,X,X,O,X,X,X,45,,いかく,はやあし,びびり,Pokémon-Icon_210,,,,,,,,,,
マグマッグ,0218,,258,X,X,X,X,X,O,X,O,O,20,,マグマのよろい,ほのおのからだ,くだけるよろい,Pokémon-Icon_218,,,,,,,,,,
マグカルゴ,0219,,259,X,X,X,X,X,O,X,O,O,30,,マグマのよろい,ほのおのからだ,くだけるよろい,Pokémon-Icon_219,,,,,,,,,,
ウリムー,0220,,260,X,X,X,X,X,O,X,O,O,50,,どんかん,ゆきがくれ,あついしぼう,Pokémon-Icon_220,,,,,,,,,,
イノムー,0221,,261,X,X,X,X,X,O,X,O,O,50,,どんかん,ゆきがくれ,あついしぼう,Pokémon-Icon_221,,,,,,,,,,
エアームド,0227,,268,X,X,X,X,X,O,O,X,X,70,,するどいめ,がんじょう,くだけるよろい,Pokémon-Icon_227,,,,,,,,,,
キングドラ,0230,,271,X,X,X,X,X,O,O,X,X,85,,すいすい,スナイパー,しめりけ,Pokémon-Icon_230,,,,,,,,,,
ポリゴン2,0233,,274,X,X,X,X,X,O,X,X,X,60,,トレース,ダウンロード,アナライズ,Pokémon-Icon_233,,,,,,,,,,
ドーブル,0235,,276,X,X,X,X,X,O,O,X,X,75,,マイペース,テクニシャン,ムラっけ,Pokémon-Icon_235,,,,,,,,,,
バルキー,0236,,277,X,X,X,X,X,O,O,X,X,35,,こんじょう,ふくつのこころ,やるき,Pokémon-Icon_236,,,,,,,,,,
カポエラー,0237,,278,X,X,X,X,X,O,O,X,X,70,,いかく,テクニシャン,ふくつのこころ,Pokémon-Icon_237,,,,,,,,,,
エレキッド,0239,,280,X,X,X,X,X,O,X,X,X,95,,せいでんき,,やるき,Pokémon-Icon_239,,,,,,,,,,
ブビィ,0240,,281,X,X,X,X,X,O,O,X,X,83,,ほのおのからだ,,やるき,Pokémon-Icon_240,,,,,,,,,,
キモリ,0252,,293,X,X,X,X,X,O,O,X,X,70,,しんりょく,,かるわざ,Pokémon-Icon_252,,,,,,,,,,
ジュプトル,0253,,294,X,X,X,X,X,O,O,X,X,95,,しんりょく,,かるわざ,Pokémon-Icon_253,,,,,,,,,,
ジュカイン,0254,,295,X,X,X,X,X,O,O,X,X,120,,しんりょく,,かるわざ,Pokémon-Icon_254,,,,,,,,,,
アチャモ,0255,,296,X,X,X,X,X,O,O,X,X,45,,もうか,,かそく,Pokémon-Icon_255,,,,,,,,,,
ワカシャモ,0256,,297,X,X,X,X,X,O,O,X,X,55,,もうか,,かそく,Pokémon-Icon_256,,,,,,,,,,
バシャーモ,0257,,298,X,X,X,X,X,O,O,X,X,80,,もうか,,かそく,Pokémon-Icon_257,,,,,,,,,,
ミズゴロウ,0258,,299,X,X,X,X,X,O,O,X,X,40,,げきりゅう,,しめりけ,Pokémon-Icon_258,,,,,,,,,,
ヌマクロー,0259,,300,X,X,X,X,X,O,O,X,X,50,,げきりゅう,,しめりけ,Pokémon-Icon_259,,,,,,,,,,
ラグラージ,0260,,301,X,X,X,X,X,O,O,X,X,60,,げきりゅう,,しめりけ,Pokémon-Icon_260,,,,,,,,,,
ポチエナ,0261,,302,X,X,X,X,X,O,X,O,O,35,,にげあし,はやあし,びびり,Pokémon-Icon_261,,,,,,,,,,
グラエナ,0262,,303,X,X,X,X,X,O,X,O,O,70,,いかく,はやあし,じしんかじょう,Pokémon-Icon_262,,,,,,,,,,
ハスボー,0270,,313,X,X,X,X,X,O,X,O,O,30,,すいすい,あめうけざら,マイペース,Pokémon-Icon_270,,,,,,,,,,
ハスブレロ,0271,,314,X,X,X,X,X,O,X,O,O,50,,すいすい,あめうけざら,マイペース,Pokémon-Icon_271,,,,,,,,,,
ルンパッパ,0272,,315,X,X,X,X,X,O,X,O,O,70,,すいすい,あめうけざら,マイペース,Pokémon-Icon_272,,,,,,,,,,
タネボー,0273,,316,X,X,X,X,X,O,X,O,O,30,,ようりょくそ,はやおき,わるいてぐせ,Pokémon-Icon_273,,,,,,,,,,
コノハナ,0274,,317,X,X,X,X,X,O,X,O,O,60,,ようりょくそ,はやおき,わるいてぐせ,Pokémon-Icon_274,,,,,,,,,,
ダーテング,0275,,318,X,X,X,X,X,O,X,O,O,80,,ようりょくそ,はやおき,わるいてぐせ,Pokémon-Icon_275,,,,,,,,,,
ノズパス,0299,,342,X,X,X,X,X,O,X,X,X,30,,がんじょう,じりょく,すなのちから,Pokémon-Icon_299,,,,,,,,,,
プラスル,0311,,354,X,X,X,X,X,O,X,X,X,95,,プラス,,ひらいしん,Pokémon-Icon_311,,,,,,,,,,
マイナン,0312,,355,X,X,X,X,X,O,X,X,X,95,,マイナス,,ちくでん,Pokémon-Icon_312,,,,,,,,,,
バルビート,0313,,356,X,X,X,X,X,O,X,O,O,85,,はっこう,むしのしらせ,いたずらごころ,Pokémon-Icon_313,,,,,,,,,,
イルミーゼ,0314,,357,X,X,X,X,X,O,X,O,O,85,,どんかん,いろめがね,いたずらごころ,Pokémon-Icon_314,,,,,,,,,,
ナックラー,0328,,371,X,X,X,X,X,O,O,X,X,10,,かいりきバサミ,ありじごく,ちからずく,Pokémon-Icon_328,,,,,,,,,,
ビブラーバ,0329,,372,X,X,X,X,X,O,O,X,X,70,,ふゆう,,,Pokémon-Icon_329,,,,,,,,,,
フライゴン,0330,,373,X,X,X,X,X,O,O,X,X,100,,ふゆう,,,Pokémon-Icon_330,,,,,,,,,,
ヘイガニ,0341,,384,X,X,X,X,X,O,X,O,O,35,,かいりきバサミ,シェルアーマー,てきおうりょく,Pokémon-Icon_341,,,,,,,,,,
シザリガー,0342,,385,X,X,X,X,X,O,X,O,O,55,,かいりきバサミ,シェルアーマー,てきおうりょく,Pokémon-Icon_342,,,,,,,,,,
ヒンバス,0349,,392,X,X,X,X,X,O,X,O,O,80,,すいすい,どんかん,てきおうりょく,Pokémon-Icon_349,,,,,,,,,,
ミロカロス,0350,,393,X,X,X,X,X,O,X,O,O,81,,ふしぎなうろこ,かちき,メロメロボディ,Pokémon-Icon_350,,,,,,,,,,
ヨマワル,0355,,398,X,X,X,X,X,O,X,O,O,25,,ふゆう,,おみとおし,Pokémon-Icon_355,,,,,,,,,,
サマヨール,0356,,399,X,X,X,X,X,O,X,O,O,25,,プレッシャー,,おみとおし,Pokémon-Icon_356,,,,,,,,,,
チリーン,0358,,401,X,X,X,X,X,O,X,O,O,65,,ふゆう,,,Pokémon-Icon_358,,,,,,,,,,
ダンバル,0374,,417,X,X,X,X,X,O,O,X,X,30,,クリアボディ,,ライトメタル,Pokémon-Icon_374,,,,,,,,,,
メタング,0375,,418,X,X,X,X,X,O,O,X,X,50,,クリアボディ,,ライトメタル,Pokémon-Icon_375,,,,,,,,,,
メタグロス,0376,,419,X,X,X,X,X,O,O,X,X,70,,クリアボディ,,ライトメタル,Pokémon-Icon_376,,,,,,,,,,
ナエトル,0387,,433,X,X,X,X,X,O,O,X,X,31,,しんりょく,,シェルアーマー,Pokémon-Icon_387,,,,,,,,,,
ハヤシガメ,0388,,434,X,X,X,X,X,O,O,X,X,36,,しんりょく,,シェルアーマー,Pokémon-Icon_388,,,,,,,,,,
ドダイトス,0389,,435,X,X,X,X,X,O,O,X,X,56,,しんりょく,,シェルアーマー,Pokémon-Icon_389,,,,,,,,,,
ヒコザル,0390,,436,X,X,X,X,X,O,O,X,X,61,,もうか,,てつのこぶし,Pokémon-Icon_390,,,,,,,,,,
モウカザル,0391,,437,X,X,X,X,X,O,O,X,X,81,,もうか,,てつのこぶし,Pokémon-Icon_391,,,,,,,,,,
ゴウカザル,0392,,438,X,X,X,X,X,O,O,X,X,108,,もうか,,てつのこぶし,Pokémon-Icon_392,,,,,,,,,,
ポッチャマ,0393,,439,X,X,X,X,X,O,O,X,X,40,,げきりゅう,,まけんき,Pokémon-Icon_393,,,,,,,,,,
ポッタイシ,0394,,440,X,X,X,X,X,O,O,X,X,50,,げきりゅう,,まけんき,Pokémon-Icon_394,,,,,,,,,,
エンペルト,0395,,441,X,X,X,X,X,O,O,X,X,60,,げきりゅう,,まけんき,Pokémon-Icon_395,,,,,,,,,,
ズガイドス,0408,,454,X,X,X,X,X,O,O,X,X,58,,かたやぶり,,ちからずく,Pokémon-Icon_408,,,,,,,,,,
ラムパルド,0409,,455,X,X,X,X,X,O,O,X,X,58,,かたやぶり,,ちからずく,Pokémon-Icon_409,,,,,,,,,,
タテトプス,0410,,456,X,X,X,X,X,O,O,X,X,30,,がんじょう,,ぼうおん,Pokémon-Icon_410,,,,,,,,,,
トリデプス,0411,,457,X,X,X,X,X,O,O,X,X,30,,がんじょう,,ぼうおん,Pokémon-Icon_411,,,,,,,,,,
エテボース,0424,,472,X,X,X,X,X,O,X,O,O,115,,テクニシャン,ものひろい,スキルリンク,Pokémon-Icon_424,,,,,,,,,,
リーシャン,0433,,481,X,X,X,X,X,O,X,O,O,45,,ふゆう,,,Pokémon-Icon_433,,,,,,,,,,
ゴンベ,0446,,494,X,X,X,X,X,O,X,O,O,5,,ものひろい,あついしぼう,くいしんぼう,Pokémon-Icon_446,,,,,,,,,,
ドサイドン,0464,,512,X,X,X,X,X,O,O,X,X,40,,ひらいしん,ハードロック,すてみ,Pokémon-Icon_464,,,,,,,,,,
エレキブル,0466,,514,X,X,X,X,X,O,X,X,X,95,,でんきエンジン,,やるき,Pokémon-Icon_466,,,,,,,,,,
ブーバーン,0467,,515,X,X,X,X,X,O,O,X,X,83,,ほのおのからだ,,やるき,Pokémon-Icon_467,,,,,,,,,,
メガヤンマ,0469,,517,X,X,X,X,X,O,X,O,O,95,,かそく,いろめがね,おみとおし,Pokémon-Icon_469,,,,,,,,,,
グライオン,0472,,520,X,X,X,X,X,O,X,O,O,95,,かいりきバサミ,すながくれ,ポイズンヒール,Pokémon-Icon_472,,,,,,,,,,
マンムー,0473,,521,X,X,X,X,X,O,X,O,O,80,,どんかん,ゆきがくれ,あついしぼう,Pokémon-Icon_473,,,,,,,,,,
ポリゴンZ,0474,,522,X,X,X,X,X,O,X,X,X,90,,てきおうりょく,ダウンロード,アナライズ,Pokémon-Icon_474,,,,,,,,,,
ヨノワール,0477,,525,X,X,X,X,X,O,X,O,O,45,,プレッシャー,,おみとおし,Pokémon-Icon_477,,,,,,,,,,
シェイミ(スカイフォルム),0492,,548,X,X,X,X,X,O,O,X,X,127,,てんのめぐみ,,,Pokémon-Icon_492,,,,,,,,,,
シェイミ(ランドフォルム),0492,,549,X,X,X,X,X,O,O,X,X,100,,しぜんかいふく,,,Pokémon-Icon_492a,,,,,,,,,,
ツタージャ,0495,,552,X,X,X,X,X,O,O,X,X,63,,しんりょく,,あまのじゃく,Pokémon-Icon_495,,,,,,,,,,
ジャノビー,0496,,553,X,X,X,X,X,O,O,X,X,83,,しんりょく,,あまのじゃく,Pokémon-Icon_496,,,,,,,,,,
ジャローダ,0497,,554,X,X,X,X,X,O,O,X,X,113,,しんりょく,,あまのじゃく,Pokémon-Icon_497,,,,,,,,,,
ポカブ,0498,,555,X,X,X,X,X,O,O,X,X,45,,もうか,,あついしぼう,Pokémon-Icon_498,,,,,,,,,,
チャオブー,0499,,556,X,X,X,X,X,O,O,X,X,55,,もうか,,あついしぼう,Pokémon-Icon_499,,,,,,,,,,
エンブオー,0500,,557,X,X,X,X,X,O,O,X,X,65,,もうか,,すてみ,Pokémon-Icon_500,,,,,,,,,,
シママ,0522,,580,X,X,X,X,X,O,O,X,X,76,,ひらいしん,でんきエンジン,そうしょく,Pokémon-Icon_522,,,,,,,,,,
ゼブライカ,0523,,581,X,X,X,X,X,O,O,X,X,116,,ひらいしん,でんきエンジン,そうしょく,Pokémon-Icon_523,,,,,,,,,,
モグリュー,0529,,587,X,X,X,X,X,O,X,X,X,68,,すなかき,すなのちから,かたやぶり,Pokémon-Icon_529,,,,,,,,,,
ドリュウズ,0530,,588,X,X,X,X,X,O,X,X,X,88,,すなかき,すなのちから,かたやぶり,Pokémon-Icon_530,,,,,,,,,,
ドッコラー,0532,,590,X,X,X,X,X,O,X,O,O,35,,こんじょう,ちからずく,てつのこぶし,Pokémon-Icon_532,,,,,,,,,,
ドテッコツ,0533,,591,X,X,X,X,X,O,X,O,O,40,,こんじょう,ちからずく,てつのこぶし,Pokémon-Icon_533,,,,,,,,,,
ローブシン,0534,,592,X,X,X,X,X,O,X,O,O,45,,こんじょう,ちからずく,てつのこぶし,Pokémon-Icon_534,,,,,,,,,,
クルミル,0540,,598,X,X,X,X,X,O,X,O,O,42,,むしのしらせ,ようりょくそ,ぼうじん,Pokémon-Icon_540,,,,,,,,,,
クルマユ,0541,,599,X,X,X,X,X,O,X,O,O,42,,リーフガード,ようりょくそ,ぼうじん,Pokémon-Icon_541,,,,,,,,,,
ハハコモリ,0542,,600,X,X,X,X,X,O,X,O,O,92,,むしのしらせ,ようりょくそ,ぼうじん,Pokémon-Icon_542,,,,,,,,,,
モンメン,0546,,604,X,X,X,X,X,O,O,X,X,66,,いたずらごころ,すりぬけ,ようりょくそ,Pokémon-Icon_546,,,,,,,,,,
エルフーン,0547,,605,X,X,X,X,X,O,O,X,X,116,,いたずらごころ,すりぬけ,ようりょくそ,Pokémon-Icon_547,,,,,,,,,,
ズルッグ,0559,,624,X,X,X,X,X,O,X,X,X,48,,だっぴ,じしんかじょう,いかく,Pokémon-Icon_559,,,,,,,,,,
ズルズキン,0560,,625,X,X,X,X,X,O,X,X,X,58,,だっぴ,じしんかじょう,いかく,Pokémon-Icon_560,,,,,,,,,,
チラーミィ,0572,,640,X,X,X,X,X,O,O,X,X,75,,メロメロボディ,テクニシャン,スキルリンク,Pokémon-Icon_572,,,,,,,,,,
チラチーノ,0573,,641,X,X,X,X,X,O,O,X,X,115,,メロメロボディ,テクニシャン,スキルリンク,Pokémon-Icon_573,,,,,,,,,,
ユニラン,0577,,645,X,X,X,X,X,O,O,X,X,20,,ぼうじん,マジックガード,さいせいりょく,Pokémon-Icon_577,,,,,,,,,,
ダブラン,0578,,646,X,X,X,X,X,O,O,X,X,30,,ぼうじん,マジックガード,さいせいりょく,Pokémon-Icon_578,,,,,,,,,,
ランクルス,0579,,647,X,X,X,X,X,O,O,X,X,30,,ぼうじん,マジックガード,さいせいりょく,Pokémon-Icon_579,,,,,,,,,,
コアルヒー,0580,,648,X,X,X,X,X,O,X,O,O,55,,するどいめ,はとむね,うるおいボディ,Pokémon-Icon_580,,,,,,,,,,
スワンナ,0581,,649,X,X,X,X,X,O,X,O,O,98,,するどいめ,はとむね,うるおいボディ,Pokémon-Icon_581,,,,,,,,,,
タマンチュラ,0917,,1033,X,X,X,X,X,O,X,X,X,20,,ふみん,,はりこみ,Pokémon-Icon_917,,,,,,,,,,
デンチュラ,0596,,664,X,X,X,X,X,O,X,X,X,108,,ふくがん,きんちょうかん,むしのしらせ,Pokémon-Icon_596,,,,,,,,,,
ヒトモシ,0607,,675,X,X,X,X,X,O,X,O,O,20,,もらいび,ほのおのからだ,すりぬけ,Pokémon-Icon_607,,,,,,,,,,
ランプラー,0608,,676,X,X,X,X,X,O,X,O,O,55,,もらいび,ほのおのからだ,すりぬけ,Pokémon-Icon_608,,,,,,,,,,
シャンデラ,0609,,677,X,X,X,X,X,O,X,O,O,80,,もらいび,ほのおのからだ,すりぬけ,Pokémon-Icon_609,,,,,,,,,,
コジョフー,0619,,688,X,X,X,X,X,O,X,O,O,65,,せいしんりょく,さいせいりょく,すてみ,Pokémon-Icon_619,,,,,,,,,,
コジョンド,0620,,689,X,X,X,X,X,O,X,O,O,105,,せいしんりょく,さいせいりょく,すてみ,Pokémon-Icon_620,,,,,,,,,,
ゴビット,0622,,691,X,X,X,X,X,O,O,X,X,35,,てつのこぶし,ぶきよう,ノーガード,Pokémon-Icon_622,,,,,,,,,,
ゴルーグ,0623,,692,X,X,X,X,X,O,O,X,X,55,,てつのこぶし,ぶきよう,ノーガード,Pokémon-Icon_623,,,,,,,,,,
バルチャイ,0629,,699,X,X,X,X,X,O,X,O,O,60,,はとむね,ぼうじん,くだけるよろい,Pokémon-Icon_629,,,,,,,,,,
バルジーナ,0630,,700,X,X,X,X,X,O,X,O,O,80,,はとむね,ぼうじん,くだけるよろい,Pokémon-Icon_630,,,,,,,,,,
ニャスパー,0677,,755,X,X,X,X,X,O,O,X,X,68,,するどいめ,すりぬけ,マイペース,Pokémon-Icon_677,,,,,,,,,,
ニャオニクス(オスのすがた),0678,,756,X,X,X,X,X,O,O,X,X,104,,するどいめ,すりぬけ,いたずらごころ,Pokémon-Icon_678,,,,,,,,,,
ニャオニクス(メスのすがた),0678,,757,X,X,X,X,X,O,O,X,X,104,,するどいめ,すりぬけ,かちき,Pokémon-Icon_678a,,,,,,,,,,
マーイーカ,0686,,766,X,X,X,X,X,O,O,X,X,45,,あまのじゃく,きゅうばん,すりぬけ,Pokémon-Icon_686,,,,,,,,,,
カラマネロ,0687,,767,X,X,X,X,X,O,O,X,X,73,,あまのじゃく,きゅうばん,すりぬけ,Pokémon-Icon_687,,,,,,,,,,
ボクレー,0708,,790,X,X,X,X,X,O,X,O,O,38,,しぜんかいふく,おみとおし,しゅうかく,Pokémon-Icon_708,,,,,,,,,,
オーロット,0709,,791,X,X,X,X,X,O,X,O,O,56,,しぜんかいふく,おみとおし,しゅうかく,Pokémon-Icon_709,,,,,,,,,,
ニャビー,0725,,818,X,X,X,X,X,O,O,X,X,70,,もうか,,いかく,Pokémon-Icon_725,,,,,,,,,,
ニャヒート,0726,,819,X,X,X,X,X,O,O,X,X,90,,もうか,,いかく,Pokémon-Icon_726,,,,,,,,,,
ガオガエン,0727,,820,X,X,X,X,X,O,O,X,X,60,,もうか,,いかく,Pokémon-Icon_727,,,,,,,,,,
アシマリ,0728,,821,X,X,X,X,X,O,O,X,X,40,,げきりゅう,,うるおいボイス,Pokémon-Icon_728,,,,,,,,,,
オシャマリ,0729,,822,X,X,X,X,X,O,O,X,X,50,,げきりゅう,,うるおいボイス,Pokémon-Icon_729,,,,,,,,,,
アシレーヌ,0730,,823,X,X,X,X,X,O,O,X,X,60,,げきりゅう,,うるおいボイス,Pokémon-Icon_730,,,,,,,,,,
ツツケラ,0731,,824,X,X,X,X,X,O,O,X,X,65,,するどいめ,スキルリンク,ものひろい,Pokémon-Icon_731,,,,,,,,,,
ケララッパ,0732,,825,X,X,X,X,X,O,O,X,X,75,,するどいめ,スキルリンク,ものひろい,Pokémon-Icon_732,,,,,,,,,,
ドデカバシ,0733,,826,X,X,X,X,X,O,O,X,X,60,,するどいめ,スキルリンク,ちからずく,Pokémon-Icon_733,,,,,,,,,,
アゴジムシ,0736,,829,X,X,X,X,X,O,X,O,O,46,,むしのしらせ,,,Pokémon-Icon_736,,,,,,,,,,
デンヂムシ,0737,,830,X,X,X,X,X,O,X,O,O,36,,バッテリー,,,Pokémon-Icon_737,,,,,,,,,,
クワガノン,0738,,831,X,X,X,X,X,O,X,O,O,43,,ふゆう,,,Pokémon-Icon_738,,,,,,,,,,
アブリー,0742,,838,X,X,X,X,X,O,X,O,O,84,,みつあつめ,りんぷん,スイートベール,Pokémon-Icon_742,,,,,,,,,,
アブリボン,0743,,839,X,X,X,X,X,O,X,O,O,124,,みつあつめ,りんぷん,スイートベール,Pokémon-Icon_743,,,,,,,,,,
シズクモ,0751,,850,X,X,X,X,X,O,X,X,X,27,,すいほう,,ちょすい,Pokémon-Icon_751,,,,,,,,,,
オニシズクモ,0752,,851,X,X,X,X,X,O,X,X,X,42,,すいほう,,ちょすい,Pokémon-Icon_752,,,,,,,,,,
キュワワー,0764,,863,X,X,X,X,X,O,X,X,X,100,,フラワーベール,ヒーリングシフト,しぜんかいふく,Pokémon-Icon_764,,,,,,,,,,
メテノ(コア),0774,,873,X,X,X,X,X,O,X,X,X,120,,リミットシールド,,,Pokémon-Icon_774a,,,,,,,,,,
ジャラコ,0782,,882,X,X,X,X,X,O,X,O,O,45,,ぼうだん,ぼうおん,ぼうじん,Pokémon-Icon_782,,,,,,,,,,
ジャランゴ,0783,,883,X,X,X,X,X,O,X,O,O,65,,ぼうだん,ぼうおん,ぼうじん,Pokémon-Icon_783,,,,,,,,,,
ジャラランガ,0784,,884,X,X,X,X,X,O,X,O,O,85,,ぼうだん,ぼうおん,ぼうじん,Pokémon-Icon_784,,,,,,,,,,
ウッウ,0845,,948,X,X,X,X,X,O,X,O,O,85,,うのミサイル,,,Pokémon-Icon_845,,,,,,,,,,
マホミル,0868,,972,X,X,X,X,X,O,O,X,X,34,,スイートベール,,アロマベール,Pokémon-Icon_868,,,,,,,,,,
マホイップ,0869,,973,X,X,X,X,X,O,O,X,X,64,,スイートベール,,アロマベール,Pokémon-Icon_869,,,,,,,,,,
モルペコ,0877,,983,X,X,X,X,X,O,X,O,O,97,,はらぺこスイッチ,,,Pokémon-Icon_877,,,,,,,,,,
ジュラルドン,0884,,990,X,X,X,X,X,O,O,X,X,85,,ライトメタル,ヘヴィメタル,すじがねいり,Pokémon-Icon_884,,,,,,,,,,
カミッチュ,1011,,1137,X,X,X,X,X,O,X,X,X,40,,かんろなミツ,くいしんぼう,ねんちゃく,Pokémon-Icon_1011,,,,,,,,,,
イイネイヌ,1014,,1140,X,X,X,X,X,O,X,X,X,80,,どくのくさり,,ばんけん,Pokémon-Icon_1014,,,,,,,,,,
キチキギス,1016,,1142,X,X,X,X,X,O,X,X,X,99,,どくのくさり,,テクニシャン,Pokémon-Icon_1016,,,,,,,,,,
マシマシラ,1015,,1141,X,X,X,X,X,O,X,X,X,106,,どくのくさり,,おみとおし,Pokémon-Icon_1015,,,,,,,,,,
ガチグマ(あかつき),0901,,1014,X,X,X,X,X,O,X,X,X,52,,しんがん,,,Pokémon-Icon_901,,,,,,,,,,
オーガポン(みどりのめん),1017,,1143,X,X,X,X,X,O,X,X,X,110,,まけんき,,,Pokémon-Icon_1017,,,,,,,,,,
オーガポン(みどりのめん),1017,,1143,X,X,X,X,X,O,X,X,X,110,,まけんき,,,Pokémon-Icon_1017,,,,,,,,,,
オーガポン(みどりのめん),1017,,1143,X,X,X,X,X,O,X,X,X,110,,まけんき,,,Pokémon-Icon_1017,,,,,,,,,,
オーガポン(みどりのめん),1017,,1143,X,X,X,X,X,O,X,X,X,110,,まけんき,,,Pokémon-Icon_1017,,,,,,,,,,
カミッチュ,1011,,1137,X,X,X,X,X,O,X,X,X,40,,かんろなミツ,くいしんぼう,ねんちゃく,Pokémon-Icon_1011,,,,,,,,,,
チャデス,1012,,1138,X,X,X,X,X,O,X,O,O,50,,おもてなし,たいねつ,,Pokémon-Icon_1012,,,,,,,,,,
ヤバソチャ,1013,,1139,X,X,X,X,X,O,X,O,O,70,,おもてなし,たいねつ,,Pokémon-Icon_1013,,,,,,,,,,
ダイノーズ,0476,,524,X,X,X,X,X,O,X,O,O,40,,がんじょう,じりょく,すなのちから,Pokémon-Icon_476,,,,,,,,,,
ノズパス,0299,,342,X,X,X,X,X,O,X,O,O,30,,がんじょう,じりょく,すなのちから,Pokémon-Icon_299,,,,,,,,,,
ブリジュラス,1019,,1148,X,X,X,X,X,O,O,X,X,,,,,,Pokémon-Icon_1019,,,,,,,,,,
タケルライコ,1020,,1149,X,X,X,X,X,O,O,X,X,,,,,,Pokémon-Icon_1020,,,,,,,,,,
テツノカシラ,1021,,1150,X,X,X,X,X,O,O,X,X,,,,,,Pokémon-Icon_1021,,,,,,,,,,
テラパゴス,1018,,1147,X,X,X,X,X,O,O,X,X,,,,,,Pokémon-Icon_1018,,,,,,,,,,