dexID,ポケモン名(フォルム),ID,D,C,B,A,Homeのみ,藍の円盤,キタカミ図鑑,E,トリックマジック,竜王戦,ブルーベリー学園,F
0,フシギダネ,0,X,X,X,X,X,O,X,X,X,X,O,O
1,フシギソウ,1,X,X,X,X,X,O,X,X,X,X,O,O
2,フシギバナ,2,X,X,X,X,X,O,X,X,X,X,O,O
3,ヒトカゲ,3,O,X,X,X,X,X,X,O,X,O,O,O
4,リザード,4,O,X,X,X,X,X,X,O,X,O,O,O
5,リザードン,5,O,X,X,X,X,X,X,O,X,O,O,O
6,ゼニガメ,6,X,X,X,X,X,O,X,X,X,X,O,O
7,カメール,7,X,X,X,X,X,O,X,X,X,X,O,O
8,カメックス,8,X,X,X,X,X,O,X,X,X,X,O,O
9,アーボ,24,X,X,X,X,X,X,O,O,X,O,X,O
10,アーボック,25,X,X,X,X,X,X,O,O,X,O,X,O
11,ピカチュウ,26,O,O,O,O,X,X,O,O,X,O,X,O
12,ライチュウ(原種),27,O,O,O,O,X,X,O,O,X,O,X,O
13,ライチュウ(アローラのすがた),28,O,X,X,X,X,X,X,O,X,O,X,O
14,サンド(原種),29,X,X,X,X,X,X,O,O,X,O,O,O
15,サンド(アローラのすがた),30,X,X,X,X,X,X,X,O,X,O,X,O
16,サンドパン(原種),31,X,X,X,X,X,X,O,O,X,O,O,O
17,サンドパン(アローラのすがた),32,X,X,X,X,X,X,X,O,X,O,X,O
18,ピッピ,39,X,X,X,X,X,X,O,O,X,O,X,O
19,ピクシー,40,X,X,X,X,X,X,O,O,X,O,X,O
20,ロコン(原種),41,X,X,X,X,X,X,O,O,X,O,X,O
21,ロコン(アローラのすがた),42,X,X,X,X,X,X,X,O,X,O,O,O
22,キュウコン(原種),43,X,X,X,X,X,X,O,O,X,O,X,O
23,キュウコン(アローラのすがた),44,X,X,X,X,X,X,X,O,X,O,O,O
24,プリン,45,O,O,O,O,X,X,X,O,X,O,X,O
25,プクリン,46,O,O,O,O,X,X,X,O,X,O,X,O
26,ナゾノクサ,49,X,X,X,X,X,O,X,X,X,X,O,O
27,クサイハナ,50,X,X,X,X,X,O,X,X,X,X,O,O
28,ラフレシア,51,X,X,X,X,X,O,X,X,X,X,O,O
29,コンパン,54,O,O,O,O,X,X,X,O,X,O,O,O
30,モルフォン,55,O,O,O,O,X,X,X,O,X,O,O,O
31,ディグダ(原種),56,O,O,O,O,X,X,X,O,X,O,X,O
32,ディグダ(アローラのすがた),57,O,X,X,X,X,X,X,O,X,O,O,O
33,ダグトリオ(原種),58,O,O,O,O,X,X,X,O,X,O,X,O
34,ダグトリオ(アローラのすがた),59,O,X,X,X,X,X,X,O,X,O,O,O
35,ニャース(原種),60,O,O,O,O,X,X,X,O,X,O,X,O
36,ニャース(アローラのすがた),61,O,X,X,X,X,X,X,O,X,O,X,O
37,ニャース(ガラルのすがた),62,O,X,X,X,X,X,X,O,X,O,X,O
38,ペルシアン(原種),63,O,O,O,O,X,X,X,O,X,O,X,O
39,ペルシアン(アローラのすがた),64,O,X,X,X,X,X,X,O,X,O,X,O
40,コダック,65,O,O,O,O,X,X,X,O,X,O,X,O
41,ゴルダック,66,O,O,O,O,X,X,X,O,X,O,X,O
42,マンキー,67,O,O,O,O,X,X,O,O,X,O,X,O
43,オコリザル,68,O,O,O,O,X,X,O,O,X,O,X,O
44,ガーディ(原種),69,O,O,O,O,X,X,O,O,X,O,X,O
45,ガーディ(ヒスイのすがた),70,O,X,X,X,X,X,X,O,X,O,X,O
46,ウインディ(原種),71,O,O,O,O,X,X,O,O,X,O,X,O
47,ウインディ(ヒスイのすがた),72,O,X,X,X,X,X,X,O,X,O,X,O
48,ニョロモ,73,X,X,X,X,X,X,O,O,X,O,X,O
49,ニョロゾ,74,X,X,X,X,X,X,O,O,X,O,X,O
50,ニョロボン,75,X,X,X,X,X,X,O,O,X,O,X,O
51,マダツボミ,82,X,X,X,X,X,X,O,O,X,O,X,O
52,ウツドン,83,X,X,X,X,X,X,O,O,X,O,X,O
53,ウツボット,84,X,X,X,X,X,X,O,O,X,O,X,O
54,メノクラゲ,85,X,X,X,X,X,O,X,X,X,X,O,O
55,ドククラゲ,86,X,X,X,X,X,O,X,X,X,X,O,O
56,イシツブテ(原種),87,X,X,X,X,X,X,O,O,X,O,X,O
57,イシツブテ(アローラのすがた),88,X,X,X,X,X,X,X,O,X,O,O,O
58,ゴローン(原種),89,X,X,X,X,X,X,O,O,X,O,X,O
59,ゴローン(アローラのすがた),90,X,X,X,X,X,X,X,O,X,O,O,O
60,ゴローニャ(原種),91,X,X,X,X,X,X,O,O,X,O,X,O
61,ゴローニャ(アローラのすがた),92,X,X,X,X,X,X,X,O,X,O,O,O
62,ヤドン(原種),97,O,O,O,O,X,X,X,O,X,O,X,O
63,ヤドン(ガラルのすがた),98,O,X,X,X,X,X,X,O,X,O,O,O
64,ヤドラン(原種),99,O,O,O,O,X,X,X,O,X,O,X,O
65,ヤドラン(ガラルのすがた),100,O,X,X,X,X,X,X,O,X,O,O,O
66,コイル,101,O,O,O,O,X,X,X,O,X,O,O,O
67,レアコイル,102,O,O,O,O,X,X,X,O,X,O,O,O
68,ドードー,105,X,X,X,X,X,O,X,X,X,X,O,O
69,ドードリオ,106,X,X,X,X,X,O,X,X,X,X,O,O
70,パウワウ,107,X,X,X,X,X,O,X,X,X,X,O,O
71,ジュゴン,108,X,X,X,X,X,O,X,X,X,X,O,O
72,ベトベター(原種),109,O,O,O,O,X,X,X,O,X,O,X,O
73,ベトベター(アローラのすがた),110,O,X,X,X,X,X,X,O,X,O,O,O
74,ベトベトン(原種),111,O,O,O,O,X,X,X,O,X,O,X,O
75,ベトベトン(アローラのすがた),112,O,X,X,X,X,X,X,O,X,O,O,O
76,シェルダー,113,O,O,O,O,X,X,X,O,X,O,X,O
77,パルシェン,114,O,O,O,O,X,X,X,O,X,O,X,O
78,ゴース,115,O,O,O,O,X,X,O,O,O,O,X,O
79,ゴースト,116,O,O,O,O,X,X,O,O,O,O,X,O
80,ゲンガー,117,O,O,O,O,X,X,O,O,O,O,X,O
81,スリープ,119,O,O,O,O,X,X,X,O,X,O,X,O
82,スリーパー,120,O,O,O,O,X,X,X,O,X,O,X,O
83,ビリリダマ(原種),123,O,O,O,O,X,X,X,O,X,O,X,O
84,ビリリダマ(ヒスイのすがた),124,O,X,X,X,O,X,X,O,X,O,X,O
85,マルマイン(原種),125,O,O,O,O,X,X,X,O,X,O,X,O
86,マルマイン(ヒスイのすがた),126,O,X,X,X,O,X,X,O,X,O,X,O
87,タマタマ,127,X,X,X,X,X,O,X,X,X,X,O,O
88,ナッシー(原種),128,X,X,X,X,X,O,X,X,X,X,O,O
89,ナッシー(アローラのすがた),129,X,X,X,X,X,O,X,X,X,X,O,O
90,サワムラー,133,X,X,X,X,X,O,X,X,X,X,O,O
91,エビワラー,134,X,X,X,X,X,O,X,X,X,X,O,O
92,ドガース,136,X,X,X,X,X,X,O,O,X,O,X,O
93,マタドガス(原種),137,X,X,X,X,X,X,O,O,X,O,X,O
94,マタドガス(ガラルのすがた),138,X,X,X,X,X,X,X,O,X,O,X,O
95,サイホーン,139,X,X,X,X,X,O,X,X,X,X,O,O
96,サイドン,140,X,X,X,X,X,O,X,X,X,X,O,O
97,ラッキー,141,O,O,O,O,X,X,X,O,X,O,O,O
98,タッツー,144,X,X,X,X,X,O,X,X,X,X,O,O
99,シードラ,145,X,X,X,X,X,O,X,X,X,X,O,O
100,ストライク,152,O,O,O,O,X,X,X,O,X,O,O,O
101,エレブー,154,X,X,X,X,X,O,X,X,X,X,O,O
102,ブーバー,155,X,X,X,X,X,O,X,X,X,X,O,O
103,ケンタロス(原種),157,O,O,O,O,X,X,X,O,X,O,O,O
104,ケンタロス(パルデアのすがた(コンバット)),158,O,O,O,O,X,X,X,O,X,O,X,O
105,ケンタロス(パルデアのすがた(ブレイズ)),159,O,O,O,O,X,X,X,O,X,O,X,O
106,ケンタロス(パルデアのすがた(ウォーター)),160,O,O,O,O,X,X,X,O,X,O,X,O
107,コイキング,161,O,O,O,O,X,X,O,O,X,O,X,O
108,ギャラドス,162,O,O,O,O,X,X,O,O,X,O,X,O
109,ラプラス,163,X,X,X,X,X,O,X,X,X,X,O,O
110,メタモン,164,O,O,O,O,X,X,X,O,X,O,X,O
111,イーブイ,165,O,O,O,O,X,X,X,O,X,O,X,O
112,シャワーズ,166,O,O,O,O,X,X,X,O,X,O,X,O
113,サンダース,167,O,O,O,O,X,X,X,O,X,O,X,O
114,ブースター,168,O,O,O,O,X,X,X,O,X,O,X,O
115,ポリゴン,169,X,X,X,X,X,O,X,X,X,X,O,O
116,カビゴン,175,X,X,X,X,X,X,O,O,X,O,X,O
117,フリーザー(原種),176,O,X,X,X,X,X,X,O,X,O,X,O
118,フリーザー(ガラルのすがた),177,O,X,X,X,X,X,X,O,X,O,X,O
119,サンダー(原種),178,O,X,X,X,X,X,X,O,X,O,X,O
120,サンダー(ガラルのすがた),179,O,X,X,X,X,X,X,O,X,O,X,O
121,ファイヤー(原種),180,O,X,X,X,X,X,X,O,X,O,X,O
122,ファイヤー(ガラルのすがた),181,O,X,X,X,X,X,X,O,X,O,X,O
123,ミニリュウ,182,O,O,O,O,X,X,X,O,X,O,X,O
124,ハクリュー,183,O,O,O,O,X,X,X,O,X,O,X,O
125,カイリュー,184,O,O,O,O,X,X,X,O,X,O,X,O
126,ミュウツー,185,X,X,X,X,X,X,X,X,X,X,X,X
127,ミュウ,186,X,X,X,X,X,X,X,X,X,X,X,X
128,チコリータ,187,X,X,X,X,X,O,X,X,X,X,O,O
129,ベイリーフ,188,X,X,X,X,X,O,X,X,X,X,O,O
130,メガニウム,189,X,X,X,X,X,O,X,X,X,X,O,O
131,ヒノアラシ,190,O,X,X,X,X,X,X,O,X,O,O,O
132,マグマラシ,191,O,X,X,X,X,X,X,O,X,O,O,O
133,バクフーン(原種),192,O,X,X,X,X,X,X,O,X,O,O,O
134,バクフーン(ヒスイのすがた),193,O,X,X,X,X,X,X,O,O,O,X,O
135,ワニノコ,194,X,X,X,X,X,O,X,X,X,X,O,O
136,アリゲイツ,195,X,X,X,X,X,O,X,X,X,X,O,O
137,オーダイル,196,X,X,X,X,X,O,X,X,X,X,O,O
138,オタチ,197,X,X,X,X,X,X,O,O,X,O,X,O
139,オオタチ,198,X,X,X,X,X,X,O,O,X,O,X,O
140,ホーホー,199,X,X,X,X,X,X,O,O,X,O,X,O
141,ヨルノズク,200,X,X,X,X,X,X,O,O,X,O,X,O
142,イトマル,203,X,X,X,X,X,X,O,O,X,O,X,O
143,アリアドス,204,X,X,X,X,X,X,O,O,X,O,X,O
144,チョンチー,206,X,X,X,X,X,O,X,X,X,X,O,O
145,ランターン,207,X,X,X,X,X,O,X,X,X,X,O,O
146,ピチュー,208,O,O,O,O,X,X,O,O,X,O,X,O
147,ピィ,209,X,X,X,X,X,X,O,O,X,O,X,O
148,ププリン,210,O,O,O,O,X,X,X,O,X,O,X,O
149,メリープ,215,O,O,O,O,X,X,X,O,X,O,X,O
150,モココ,216,O,O,O,O,X,X,X,O,X,O,X,O
151,デンリュウ,217,O,O,O,O,X,X,X,O,X,O,X,O
152,キレイハナ,218,X,X,X,X,X,O,X,X,X,X,O,O
153,マリル,219,O,O,O,O,X,X,X,O,X,O,X,O
154,マリルリ,220,O,O,O,O,X,X,X,O,X,O,X,O
155,ウソッキー,221,O,O,O,O,X,X,O,O,X,O,X,O
156,ニョロトノ,222,X,X,X,X,X,X,O,O,X,O,X,O
157,ハネッコ,223,O,O,O,O,X,X,X,O,X,O,X,O
158,ポポッコ,224,O,O,O,O,X,X,X,O,X,O,X,O
159,ワタッコ,225,O,O,O,O,X,X,X,O,X,O,X,O
160,エイパム,226,X,X,X,X,X,X,O,O,X,O,X,O
161,ヒマナッツ,227,O,O,O,O,X,X,X,O,X,O,X,O
162,キマワリ,228,O,O,O,O,X,X,X,O,X,O,X,O
163,ヤンヤンマ,229,X,X,X,X,X,X,O,O,X,O,X,O
164,ウパー(パルデアのすがた),231,O,O,O,O,X,X,X,O,X,O,X,O
165,ヌオー,232,O,X,X,X,X,X,O,O,X,O,X,O
166,エーフィ,233,O,O,O,O,X,X,X,O,X,O,X,O
167,ブラッキー,234,O,O,O,O,X,X,X,O,X,O,X,O
168,ヤミカラス,235,O,O,O,O,X,X,X,O,X,O,X,O
169,ヤドキング(原種),236,O,O,O,O,X,X,X,O,X,O,O,O
170,ヤドキング(ガラルのすがた),237,O,X,X,X,X,X,X,O,X,O,X,O
171,ムウマ,238,O,O,O,O,X,X,X,O,O,O,X,O
172,キリンリキ,241,O,O,O,O,X,X,X,O,X,O,O,O
173,クヌギダマ,242,O,O,O,O,X,X,X,O,X,O,X,O
174,フォレトス,243,O,O,O,O,X,X,X,O,X,O,X,O
175,ノコッチ,244,O,O,O,O,X,X,O,O,X,O,X,O
176,グライガー,245,X,X,X,X,X,X,O,O,X,O,X,O
177,ブルー,247,X,X,X,X,X,O,X,X,X,X,O,O
178,グランブル,248,X,X,X,X,X,O,X,X,X,X,O,O
179,ハリーセン(原種),249,O,O,O,O,O,X,X,O,X,O,O,O
180,ハリーセン(ヒスイのすがた),250,O,X,X,X,O,X,X,O,X,O,X,O
181,ハッサム,251,O,O,O,O,X,X,X,O,X,O,O,O
182,ヘラクロス,253,O,O,O,O,X,X,O,O,X,O,X,O
183,ニューラ(原種),254,O,O,O,O,X,X,O,O,X,O,X,O
184,ニューラ(ヒスイのすがた),255,O,X,X,X,X,X,X,O,X,O,X,O
185,ヒメグマ,256,O,O,O,O,X,X,X,O,X,O,X,O
186,リングマ,257,O,O,O,O,X,X,X,O,X,O,X,O
187,マグマッグ,258,X,X,X,X,X,X,O,O,X,O,X,O
188,マグカルゴ,259,X,X,X,X,X,X,O,O,X,O,X,O
189,ウリムー,260,X,X,X,X,X,X,O,O,X,O,X,O
190,イノムー,261,X,X,X,X,X,X,O,O,X,O,X,O
191,デリバード,266,O,O,O,O,X,X,X,O,X,O,X,O
192,エアームド,268,X,X,X,X,X,O,X,X,X,X,O,O
193,デルビル,269,O,O,O,O,X,X,O,O,X,O,X,O
194,ヘルガー,270,O,O,O,O,X,X,O,O,X,O,X,O
195,キングドラ,271,X,X,X,X,X,O,X,X,X,X,O,O
196,ゴマゾウ,272,O,O,O,O,X,X,X,O,X,O,X,O
197,ドンファン,273,O,O,O,O,X,X,X,O,X,O,X,O
198,ポリゴン2,274,X,X,X,X,X,O,X,X,X,X,O,O
199,オドシシ,275,O,O,O,O,X,X,O,O,X,O,X,O
200,ドーブル,276,X,X,X,X,X,O,X,X,X,X,O,O
201,バルキー,277,X,X,X,X,X,O,X,X,X,X,O,O
202,カポエラー,278,X,X,X,X,X,O,X,X,X,X,O,O
203,エレキッド,280,X,X,X,X,X,O,X,X,X,X,O,O
204,ブビィ,281,X,X,X,X,X,O,X,X,X,X,O,O
205,ハピナス,283,O,O,O,O,X,X,X,O,X,O,O,O
206,ライコウ,284,X,X,X,X,X,O,X,X,X,X,X,O
207,エンテイ,285,X,X,X,X,X,O,X,X,X,X,X,O
208,スイクン,286,X,X,X,X,X,O,X,X,X,X,X,O
209,ヨーギラス,287,O,O,O,O,X,X,X,O,X,O,X,O
210,サナギラス,288,O,O,O,O,X,X,X,O,X,O,X,O
211,バンギラス,289,O,O,O,O,X,X,X,O,X,O,X,O
212,ルギア,290,X,X,X,X,X,O,X,X,X,X,X,X
213,ホウオウ,291,X,X,X,X,X,O,X,X,X,X,X,X
214,キモリ,293,X,X,X,X,X,O,X,X,X,X,O,X
215,ジュプトル,294,X,X,X,X,X,O,X,X,X,X,O,O
216,ジュカイン,295,X,X,X,X,X,O,X,X,X,X,O,O
217,アチャモ,296,X,X,X,X,X,O,X,X,X,X,O,O
218,ワカシャモ,297,X,X,X,X,X,O,X,X,X,X,O,O
219,バシャーモ,298,X,X,X,X,X,O,X,X,X,X,O,O
220,ミズゴロウ,299,X,X,X,X,X,O,X,X,X,X,O,O
221,ヌマクロー,300,X,X,X,X,X,O,X,X,X,X,O,O
222,ラグラージ,301,X,X,X,X,X,O,X,X,X,X,O,O
223,ポチエナ,302,X,X,X,X,X,X,O,O,X,O,X,O
224,グラエナ,303,X,X,X,X,X,X,O,O,X,O,X,O
225,ハスボー,313,X,X,X,X,X,X,O,O,X,O,X,O
226,ハスブレロ,314,X,X,X,X,X,X,O,O,X,O,X,O
227,ルンパッパ,315,X,X,X,X,X,X,O,O,X,O,X,O
228,タネボー,316,X,X,X,X,X,X,O,O,X,O,X,O
229,コノハナ,317,X,X,X,X,X,X,O,O,X,O,X,O
230,ダーテング,318,X,X,X,X,X,X,O,O,X,O,X,O
231,キャモメ,321,O,O,O,O,X,X,X,O,X,O,X,O
232,ペリッパー,322,O,O,O,O,X,X,X,O,X,O,X,O
233,ラルトス,323,O,O,O,O,X,X,O,O,X,O,X,O
234,キルリア,324,O,O,O,O,X,X,O,O,X,O,X,O
235,サーナイト,325,O,O,O,O,X,X,O,O,X,O,X,O
236,アメタマ,326,O,O,O,O,X,X,O,O,X,O,X,O
237,アメモース,327,O,O,O,O,X,X,O,O,X,O,X,O
238,キノココ,328,O,O,O,O,X,X,X,O,X,O,X,O
239,キノガッサ,329,O,O,O,O,X,X,X,O,X,O,X,O
240,ナマケロ,330,O,O,O,O,X,X,X,O,X,O,O,O
241,ヤルキモノ,331,O,O,O,O,X,X,X,O,X,O,O,O
242,ケッキング,332,O,O,O,O,X,X,X,O,X,O,O,O
243,マクノシタ,339,O,O,O,O,X,X,X,O,X,O,X,O
244,ハリテヤマ,340,O,O,O,O,X,X,X,O,X,O,X,O
245,ルリリ,341,O,O,O,O,X,X,X,O,X,O,X,O
246,ノズパス,342,X,X,X,X,X,X,O,O,X,O,X,O
247,ヤミラミ,345,O,O,O,O,X,X,X,O,O,O,X,O
248,アサナン,350,O,O,O,O,X,X,X,O,X,O,X,O
249,チャーレム,351,O,O,O,O,X,X,X,O,X,O,X,O
250,プラスル,354,X,X,X,X,X,O,X,X,X,X,O,O
251,マイナン,355,X,X,X,X,X,O,X,X,X,X,O,O
252,バルビート,356,X,X,X,X,X,X,O,O,X,O,X,O
253,イルミーゼ,357,X,X,X,X,X,X,O,O,X,O,X,O
254,ゴクリン,359,O,O,O,O,X,X,X,O,X,O,X,O
255,マルノーム,360,O,O,O,O,X,X,X,O,X,O,X,O
256,ドンメル,365,O,O,O,O,X,X,X,O,X,O,O,O
257,バクーダ,366,O,O,O,O,X,X,X,O,X,O,O,O
258,コータス,367,O,O,O,O,X,X,X,O,X,O,O,O
259,バネブー,368,O,O,O,O,X,X,O,O,X,O,X,O
260,ブーピッグ,369,O,O,O,O,X,X,O,O,X,O,X,O
261,ナックラー,371,X,X,X,X,X,O,X,X,X,X,O,O
262,ビブラーバ,372,X,X,X,X,X,O,X,X,X,X,O,O
263,フライゴン,373,X,X,X,X,X,O,X,X,X,X,O,O
264,サボネア,374,O,O,O,O,X,X,X,O,X,O,X,O
265,ノクタス,375,O,O,O,O,X,X,X,O,X,O,X,O
266,チルット,376,O,O,O,O,X,X,X,O,X,O,O,O
267,チルタリス,377,O,O,O,O,X,X,X,O,X,O,O,O
268,ザングース,378,O,O,O,O,X,X,X,O,X,O,O,O
269,ハブネーク,379,O,O,O,O,X,X,X,O,X,O,O,O
270,ドジョッチ,382,O,O,O,O,X,X,O,O,X,O,X,O
271,ナマズン,383,O,O,O,O,X,X,O,O,X,O,X,O
272,ヘイガニ,384,X,X,X,X,X,X,O,O,X,O,X,O
273,シザリガー,385,X,X,X,X,X,X,O,O,X,O,X,O
274,ヒンバス,392,X,X,X,X,X,X,O,O,X,O,X,O
275,ミロカロス,393,X,X,X,X,X,X,O,O,X,O,X,O
276,カゲボウズ,396,O,O,O,O,X,X,X,O,X,O,X,O
277,ジュペッタ,397,O,O,O,O,X,X,X,O,X,O,X,O
278,ヨマワル,398,X,X,X,X,X,X,O,O,X,O,X,O
279,サマヨール,399,X,X,X,X,X,X,O,O,X,O,X,O
280,トロピウス,400,O,O,O,O,X,X,X,O,X,O,X,O
281,チリーン,401,X,X,X,X,X,X,O,O,X,O,X,O
282,ユキワラシ,404,O,O,O,O,X,X,O,O,X,O,X,O
283,オニゴーリ,405,O,O,O,O,X,X,O,O,X,O,X,O
284,ラブカス,413,O,O,O,O,X,X,X,O,X,O,O,O
285,タツベイ,414,O,O,O,O,X,X,X,O,X,O,X,O
286,コモルー,415,O,O,O,O,X,X,X,O,X,O,X,O
287,ボーマンダ,416,O,O,O,O,X,X,X,O,X,O,X,O
288,ダンバル,417,X,X,X,X,X,O,X,X,X,X,O,O
289,メタング,418,X,X,X,X,X,O,X,X,X,X,O,O
290,メタグロス,419,X,X,X,X,X,O,X,X,X,X,O,O
291,ラティアス,423,X,X,X,X,X,O,X,X,X,X,X,O
292,ラティオス,424,X,X,X,X,X,O,X,X,X,X,X,O
293,カイオーガ,425,X,X,X,X,X,X,X,X,X,X,X,X
294,グラードン,426,X,X,X,X,X,X,X,X,X,X,X,X
295,レックウザ,427,X,X,X,X,X,X,X,X,X,X,X,X
296,ジラーチ,428,X,X,X,X,X,X,X,X,X,X,X,X
297,デオキシス(ノーマルフォルム),429,X,X,X,X,X,O,X,X,X,X,X,X
298,ナエトル,433,X,X,X,X,X,X,X,O,X,O,O,O
299,ハヤシガメ,434,X,X,X,X,X,X,X,O,X,O,O,O
300,ドダイトス,435,X,X,X,X,X,X,X,O,X,O,O,O
301,ヒコザル,436,X,X,X,X,X,X,X,O,X,O,O,O
302,モウカザル,437,X,X,X,X,X,X,X,O,X,O,O,O
303,ゴウカザル,438,X,X,X,X,X,X,X,O,X,O,O,O
304,ポッチャマ,439,X,X,X,X,X,X,X,O,X,O,O,O
305,ポッタイシ,440,X,X,X,X,X,X,X,O,X,O,O,O
306,エンペルト,441,X,X,X,X,X,X,X,O,X,O,O,O
307,ムックル,442,O,O,O,O,X,X,O,O,X,O,X,O
308,ムクバード,443,O,O,O,O,X,X,O,O,X,O,X,O
309,ムクホーク,444,O,O,O,O,X,X,O,O,X,O,X,O
310,コロボーシ,447,O,O,O,O,X,X,O,O,X,O,X,O
311,コロトック,448,O,O,O,O,X,X,O,O,X,O,X,O
312,コリンク,449,O,O,O,O,X,X,O,O,X,O,X,O
313,ルクシオ,450,O,O,O,O,X,X,O,O,X,O,X,O
314,レントラー,451,O,O,O,O,X,X,O,O,X,O,X,O
315,ズガイドス,454,X,X,X,X,X,O,X,X,X,X,O,O
316,ラムパルド,455,X,X,X,X,X,O,X,X,X,X,O,O
317,タテトプス,456,X,X,X,X,X,O,X,X,X,X,O,O
318,トリデプス,457,X,X,X,X,X,O,X,X,X,X,O,O
319,ミツハニー,463,O,O,O,O,X,X,X,O,X,O,X,O
320,ビークイン,464,O,O,O,O,X,X,X,O,X,O,X,O
321,パチリス,465,O,O,O,O,X,X,O,O,X,O,X,O
322,ブイゼル,466,O,O,O,O,X,X,X,O,X,O,X,O
323,フローゼル,467,O,O,O,O,X,X,X,O,X,O,X,O
324,カラナクシ,470,O,O,O,O,X,X,X,O,X,O,X,O
325,トリトドン,471,O,O,O,O,X,X,X,O,X,O,X,O
326,エテボース,472,X,X,X,X,X,X,O,O,X,O,X,O
327,フワンテ,473,O,O,O,O,X,X,X,O,O,O,X,O
328,フワライド,474,O,O,O,O,X,X,X,O,O,O,X,O
329,ムウマージ,477,O,O,O,O,X,X,X,O,X,O,X,O
330,ドンカラス,478,O,O,O,O,X,X,X,O,X,O,X,O
331,リーシャン,481,X,X,X,X,X,X,O,O,X,O,X,O
332,スカンプー,482,O,O,O,O,X,X,X,O,X,O,X,O
333,スカタンク,483,O,O,O,O,X,X,X,O,X,O,X,O
334,ドーミラー,484,O,O,O,O,X,X,O,O,X,O,X,O
335,ドータクン,485,O,O,O,O,X,X,O,O,X,O,X,O
336,ウソハチ,486,O,O,O,O,X,X,O,O,X,O,X,O
337,ピンプク,488,O,O,O,O,X,X,X,O,X,O,O,O
338,ミカルゲ,490,O,O,O,O,X,X,X,O,O,O,X,O
339,フカマル,491,O,O,O,O,X,X,O,O,X,O,X,O
340,ガバイト,492,O,O,O,O,X,X,O,O,X,O,X,O
341,ガブリアス,493,O,O,O,O,X,X,O,O,X,O,X,O
342,ゴンベ,494,X,X,X,X,X,X,O,O,X,O,X,O
343,リオル,495,O,O,O,O,X,X,O,O,X,O,X,O
344,ルカリオ,496,O,O,O,O,X,X,O,O,X,O,X,O
345,ヒポポタス,497,O,O,O,O,X,X,X,O,X,O,X,O
346,カバルドン,498,O,O,O,O,X,X,X,O,X,O,X,O
347,グレッグル,501,O,O,O,O,X,X,X,O,X,O,X,O
348,ドクロッグ,502,O,O,O,O,X,X,X,O,X,O,X,O
349,ケイコウオ,504,O,O,O,O,X,X,X,O,X,O,O,O
350,ネオラント,505,O,O,O,O,X,X,X,O,X,O,O,O
351,ユキカブリ,507,O,O,O,O,X,X,X,O,X,O,O,O
352,ユキノオー,508,O,O,O,O,X,X,X,O,X,O,O,O
353,マニューラ,509,O,O,O,O,X,X,O,O,X,O,X,O
354,ジバコイル,510,O,O,O,O,X,X,X,O,X,O,O,O
355,ドサイドン,512,X,X,X,X,X,O,X,X,X,X,O,O
356,エレキブル,514,X,X,X,X,X,O,X,X,X,X,O,O
357,ブーバーン,515,X,X,X,X,X,O,X,X,X,X,O,O
358,メガヤンマ,517,X,X,X,X,X,X,O,O,X,O,X,O
359,リーフィア,518,O,O,O,O,X,X,X,O,X,O,X,O
360,グレイシア,519,O,O,O,O,X,X,X,O,X,O,X,O
361,グライオン,520,X,X,X,X,X,X,O,O,X,O,X,O
362,マンムー,521,X,X,X,X,X,X,O,O,X,O,X,O
363,ポリゴンZ,522,X,X,X,X,X,O,X,X,X,X,O,O
364,エルレイド,523,O,O,O,O,X,X,O,O,X,O,X,O
365,ダイノーズ,524,X,X,X,X,X,X,O,O,X,O,X,O
366,ヨノワール,525,X,X,X,X,X,X,O,O,O,O,X,O
367,ユキメノコ,526,O,O,O,O,X,X,O,O,O,O,X,O
368,ロトム(通常),527,O,O,O,O,X,X,X,O,O,O,O,O
369,ロトム(ヒート),528,O,O,O,O,X,X,X,O,X,O,O,O
370,ロトム(ウォッシュ),529,O,O,O,O,X,X,X,O,X,O,O,O
371,ロトム(フロスト),530,O,O,O,O,X,X,X,O,X,O,O,O
372,ロトム(スピン),531,O,O,O,O,X,X,X,O,X,O,O,O
373,ロトム(カット),532,O,O,O,O,X,X,X,O,X,O,O,O
374,ユクシー,533,O,X,X,X,X,X,X,O,X,O,X,O
375,エムリット,534,O,X,X,X,X,X,X,O,X,O,X,O
376,アグノム,535,O,X,X,X,X,X,X,O,X,O,X,O
377,ディアルガ(通常),536,X,X,X,X,X,X,X,X,X,X,X,X
378,ディアルガ(オリジンフォルム),537,X,X,X,X,X,X,X,X,X,X,X,X
379,パルキア(通常),538,X,X,X,X,X,X,X,X,X,X,X,X
380,パルキア(オリジンフォルム),539,X,X,X,X,X,X,X,X,X,X,X,X
381,ヒードラン,540,O,X,X,X,X,X,X,O,X,O,X,O
382,ギラティナ(アナザーフォルム),542,X,X,X,X,X,X,X,X,X,X,X,X
383,ギラティナ(オリジンフォルム),543,X,X,X,X,X,X,X,X,X,X,X,X
384,クレセリア,544,O,X,X,X,X,X,X,O,X,O,X,O
385,フィオネ,545,X,X,X,X,X,X,X,X,X,X,X,X
386,マナフィ,546,X,X,X,X,X,X,X,X,X,X,X,X
387,ダークライ,547,X,X,X,X,X,X,X,X,X,X,X,X
388,シェイミ(ランドフォルム),548,X,X,X,X,X,X,X,X,X,X,X,X
389,シェイミ(スカイフォルム),549,X,X,X,X,X,X,X,X,X,X,X,X
390,アルセウス,550,X,X,X,X,X,X,X,X,X,X,X,X
391,ツタージャ,552,X,X,X,X,X,O,X,X,X,X,O,O
392,ジャノビー,553,X,X,X,X,X,O,X,X,X,X,O,O
393,ジャローダ,554,X,X,X,X,X,O,X,X,X,X,O,O
394,ポカブ,555,X,X,X,X,X,O,X,X,X,X,O,O
395,チャオブー,556,X,X,X,X,X,O,X,X,X,X,O,O
396,エンブオー,557,X,X,X,X,X,O,X,X,X,X,O,O
397,ミジュマル,558,O,X,X,X,X,X,X,O,X,O,O,O
398,フタチマル,559,O,X,X,X,X,X,X,O,X,O,O,O
399,ダイケンキ(原種),560,O,X,X,X,X,X,X,O,X,O,O,O
400,ダイケンキ(ヒスイのすがた),561,O,X,X,X,X,X,X,O,X,O,X,O
401,シママ,580,X,X,X,X,X,O,X,X,X,X,O,O
402,ゼブライカ,581,X,X,X,X,X,O,X,X,X,X,O,O
403,モグリュー,587,X,X,X,X,X,O,X,X,X,X,O,O
404,ドリュウズ,588,X,X,X,X,X,O,X,X,X,X,O,O
405,ドッコラー,590,X,X,X,X,X,X,O,O,X,O,X,O
406,ドテッコツ,591,X,X,X,X,X,X,O,O,X,O,X,O
407,ローブシン,592,X,X,X,X,X,X,O,O,X,O,X,O
408,クルミル,598,X,X,X,X,X,X,O,O,X,O,X,O
409,クルマユ,599,X,X,X,X,X,X,O,O,X,O,X,O
410,ハハコモリ,600,X,X,X,X,X,X,O,O,X,O,X,O
411,モンメン,604,X,X,X,X,X,O,X,X,X,X,O,O
412,エルフーン,605,X,X,X,X,X,O,X,X,X,X,O,O
413,チュリネ,606,O,O,O,O,X,X,O,O,X,O,X,O
414,ドレディア(原種),607,O,O,O,O,X,X,O,O,X,O,X,O
415,ドレディア(ヒスイのすがた),608,O,X,X,X,X,X,X,O,X,O,X,O
416,バスラオ(あかすじ),610,O,O,O,O,X,X,O,O,X,O,X,O
417,バスラオ(しろすじ),611,O,X,X,X,X,X,O,O,X,O,X,O
418,メグロコ,612,O,O,O,O,X,X,X,O,X,O,O,O
419,ワルビル,613,O,O,O,O,X,X,X,O,X,O,O,O
420,ワルビアル,614,O,O,O,O,X,X,X,O,X,O,O,O
421,ズルッグ,624,X,X,X,X,X,O,X,X,X,X,O,O
422,ズルズキン,625,X,X,X,X,X,O,X,X,X,X,O,O
423,ゾロア(原種),636,O,O,O,O,X,X,X,O,X,O,X,O
424,ゾロア(ヒスイのすがた),637,O,X,X,X,X,X,X,O,O,O,X,O
425,ゾロアーク(原種),638,O,O,O,O,X,X,X,O,X,O,X,O
426,ゾロアーク(ヒスイのすがた),639,O,X,X,X,X,X,X,O,O,O,X,O
427,チラーミィ,640,X,X,X,X,X,O,X,X,X,X,O,O
428,チラチーノ,641,X,X,X,X,X,O,X,X,X,X,O,O
429,ゴチム,642,O,O,O,O,X,X,X,O,X,O,O,O
430,ゴチミル,643,O,O,O,O,X,X,X,O,X,O,O,O
431,ゴチルゼル,644,O,O,O,O,X,X,X,O,X,O,O,O
432,ユニラン,645,X,X,X,X,X,O,X,X,X,X,O,O
433,ダブラン,646,X,X,X,X,X,O,X,X,X,X,O,O
434,ランクルス,647,X,X,X,X,X,O,X,X,X,X,O,O
435,コアルヒー,648,X,X,X,X,X,X,O,O,X,O,X,O
436,スワンナ,649,X,X,X,X,X,X,O,O,X,O,X,O
437,シキジカ,653,O,O,O,O,X,X,X,O,X,O,O,O
438,メブキジカ,654,O,O,O,O,X,X,X,O,X,O,O,O
439,タマゲタケ,658,O,O,O,O,X,X,X,O,X,O,X,O
440,モロバレル,659,O,O,O,O,X,X,X,O,X,O,X,O
441,ママンボウ,662,O,O,O,O,X,X,X,O,X,O,O,O
442,バチュル,663,X,X,X,X,X,O,X,X,X,X,O,O
443,デンチュラ,664,X,X,X,X,X,O,X,X,X,X,O,O
444,シビシラス,670,O,O,O,O,X,X,O,O,X,O,O,O
445,シビビール,671,O,O,O,O,X,X,O,O,X,O,O,O
446,シビルドン,672,O,O,O,O,X,X,O,O,X,O,O,O
447,ヒトモシ,675,X,X,X,X,X,X,O,O,O,O,X,O
448,ランプラー,676,X,X,X,X,X,X,O,O,O,O,X,O
449,シャンデラ,677,X,X,X,X,X,X,O,O,O,O,X,O
450,キバゴ,678,O,O,O,O,X,X,X,O,X,O,O,O
451,オノンド,679,O,O,O,O,X,X,X,O,X,O,O,O
452,オノノクス,680,O,O,O,O,X,X,X,O,X,O,O,O
453,クマシュン,681,O,O,O,O,X,X,X,O,X,O,O,O
454,ツンベアー,682,O,O,O,O,X,X,X,O,X,O,O,O
455,フリージオ,683,O,O,O,O,X,X,X,O,X,O,X,O
456,コジョフー,688,X,X,X,X,X,X,O,O,X,O,X,O
457,コジョンド,689,X,X,X,X,X,X,O,O,X,O,X,O
458,ゴビット,691,X,X,X,X,X,O,X,X,X,X,O,O
459,ゴルーグ,692,X,X,X,X,X,O,X,X,X,X,O,O
460,コマタナ,693,O,O,O,O,X,X,O,O,X,O,X,O
461,キリキザン,694,O,O,O,O,X,X,O,O,X,O,X,O
462,ワシボン,696,O,O,O,O,X,X,X,O,X,O,O,O
463,ウォーグル(原種),697,O,O,O,O,X,X,X,O,X,O,O,O
464,ウォーグル(ヒスイのすがた),698,O,X,X,X,X,X,X,O,X,O,X,O
465,バルチャイ,699,X,X,X,X,X,X,O,O,X,O,O,O
466,バルジーナ,700,X,X,X,X,X,X,O,O,X,O,O,O
467,モノズ,703,O,O,O,O,X,X,X,O,X,O,X,O
468,ジヘッド,704,O,O,O,O,X,X,X,O,X,O,X,O
469,サザンドラ,705,O,O,O,O,X,X,X,O,X,O,X,O
470,メラルバ,706,O,O,O,O,X,X,X,O,X,O,X,O
471,ウルガモス,707,O,O,O,O,X,X,X,O,X,O,X,O
472,コバルオン,708,X,X,X,X,X,O,X,X,X,X,X,O
473,テラキオン,709,X,X,X,X,X,O,X,X,X,X,X,O
474,ビリジオン,710,X,X,X,X,X,O,X,X,X,X,X,O
475,トルネロス(けしんフォルム),711,O,X,X,X,X,X,X,O,X,O,X,O
476,トルネロス(れいじゅうフォルム),712,O,X,X,X,X,X,X,O,X,O,X,O
477,ボルトロス(けしんフォルム),713,O,X,X,X,X,X,X,O,X,O,X,O
478,ボルトロス(れいじゅうフォルム),714,O,X,X,X,X,X,X,O,X,O,X,O
479,レシラム,715,X,X,X,X,X,O,X,X,X,X,X,X
480,ゼクロム,716,X,X,X,X,X,O,X,X,X,X,X,X
481,ランドロス(けしんフォルム),717,O,X,X,X,X,X,X,O,X,O,X,O
482,ランドロス(れいじゅうフォルム),718,O,X,X,X,X,X,X,O,X,O,X,O
483,キュレム(通常),719,X,X,X,X,X,O,X,X,X,X,X,X
484,キュレム(ブラックキュレム),720,X,X,X,X,X,O,X,X,X,X,X,X
485,キュレム(ホワイトキュレム),721,X,X,X,X,X,O,X,X,X,X,X,X
486,ケルディオ(いつものすがた),722,X,X,X,X,X,O,X,X,X,X,X,X
487,メロエッタ(ステップフォルム),724,X,X,X,X,X,X,X,X,X,X,X,X
488,ハリマロン,727,O,X,X,X,X,X,X,O,X,O,O,O
489,ハリボーグ,728,O,X,X,X,X,X,X,O,X,O,O,O
490,ブリガロン,729,O,X,X,X,X,X,X,O,X,O,O,O
491,フォッコ,730,O,X,X,X,X,X,X,O,X,O,O,O
492,テールナー,731,O,X,X,X,X,X,X,O,X,O,O,O
493,マフォクシー,732,O,X,X,X,X,X,X,O,X,O,O,O
494,ケロマツ,733,O,X,X,X,X,X,X,O,X,O,O,O
495,ゲコガシラ,734,O,X,X,X,X,X,X,O,X,O,O,O
496,ゲッコウガ(通常),735,O,X,X,X,X,X,X,O,X,O,O,O
497,ヤヤコマ,739,O,O,O,O,X,X,X,O,X,O,O,O
498,ヒノヤコマ,740,O,O,O,O,X,X,X,O,X,O,O,O
499,ファイアロー,741,O,O,O,O,X,X,X,O,X,O,O,O
500,コフキムシ,742,O,O,O,O,X,X,X,O,X,O,X,O
501,コフーライ,743,O,O,O,O,X,X,X,O,X,O,X,O
502,ビビヨン,744,O,O,O,O,X,X,X,O,X,O,X,O
503,シシコ,745,O,O,O,O,X,X,X,O,X,O,O,O
504,カエンジシ,746,O,O,O,O,X,X,X,O,X,O,O,O
505,フラベベ,747,O,O,O,O,X,X,X,O,X,O,X,O
506,フラエッテ,748,O,O,O,O,X,X,X,O,X,O,X,O
507,フラージェス,749,O,O,O,O,X,X,X,O,X,O,X,O
508,メェークル,750,O,O,O,O,X,X,X,O,X,O,X,O
509,ゴーゴート,751,O,O,O,O,X,X,X,O,X,O,X,O
510,ニャスパー,755,X,X,X,X,X,O,X,X,X,X,O,O
511,ニャオニクス(オスのすがた),756,X,X,X,X,X,O,X,X,X,X,O,O
512,ニャオニクス(メスのすがた),757,X,X,X,X,X,O,X,X,X,X,O,O
513,マーイーカ,766,X,X,X,X,X,O,X,X,X,X,O,O
514,カラマネロ,767,X,X,X,X,X,O,X,X,X,X,O,O
515,クズモー,770,O,O,O,O,X,X,X,O,X,O,X,O
516,ドラミドロ,771,O,O,O,O,X,X,X,O,X,O,X,O
517,ウデッポウ,772,O,O,O,O,X,X,X,O,X,O,X,O
518,ブロスター,773,O,O,O,O,X,X,X,O,X,O,X,O
519,ニンフィア,780,O,O,O,O,X,X,X,O,X,O,X,O
520,ルチャブル,781,O,O,O,O,X,X,X,O,X,O,X,O
521,デデンネ,782,O,O,O,O,X,X,X,O,X,O,X,O
522,メレシー,783,O,X,X,X,X,X,O,O,X,O,X,O
523,ヌメラ,784,O,O,O,O,X,X,O,O,X,O,X,O
524,ヌメイル(原種),785,O,O,O,O,X,X,O,O,X,O,X,O
525,ヌメイル(ヒスイのすがた),786,O,X,X,X,X,X,X,O,X,O,X,O
526,ヌメルゴン(原種),787,O,O,O,O,X,X,O,O,X,O,X,O
527,ヌメルゴン(ヒスイのすがた),788,O,X,X,X,X,X,X,O,X,O,X,O
528,クレッフィ,789,O,O,O,O,X,X,X,O,X,O,X,O
529,ボクレー,790,X,X,X,X,X,X,O,O,O,O,X,O
530,オーロット,791,X,X,X,X,X,X,O,O,O,O,X,O
531,カチコール,800,O,O,O,O,X,X,X,O,X,O,X,O
532,クレベース(原種),801,O,O,O,O,X,X,X,O,X,O,X,O
533,クレベース(ヒスイのすがた),802,O,X,X,X,X,X,X,O,X,O,X,O
534,オンバット,803,O,O,O,O,X,X,O,O,X,O,X,O
535,オンバーン,804,O,O,O,O,X,X,O,O,X,O,X,O
536,ディアンシー,810,X,X,X,X,X,X,X,X,X,X,X,X
537,フーパ(いましめられしフーパ),811,X,X,X,X,X,X,X,X,X,X,X,X
538,ボルケニオン,813,X,X,X,X,X,X,X,X,X,X,X,X
539,モクロー,814,O,X,X,X,X,X,X,O,X,O,O,O
540,フクスロー,815,O,X,X,X,X,X,X,O,X,O,O,O
541,ジュナイパー(原種),816,O,X,X,X,X,X,X,O,O,O,O,O
542,ジュナイパー(ヒスイのすがた),817,O,X,X,X,X,X,X,O,X,O,X,O
543,ニャビー,818,X,X,X,X,X,O,X,X,X,X,O,O
544,ニャヒート,819,X,X,X,X,X,O,X,X,X,X,O,O
545,ガオガエン,820,X,X,X,X,X,O,X,X,X,X,O,O
546,アシマリ,821,X,X,X,X,X,O,X,X,X,X,O,O
547,オシャマリ,822,X,X,X,X,X,O,X,X,X,X,O,O
548,アシレーヌ,823,X,X,X,X,X,O,X,X,X,X,O,O
549,ツツケラ,824,X,X,X,X,X,O,X,X,X,X,O,O
550,ケララッパ,825,X,X,X,X,X,O,X,X,X,X,O,O
551,ドデカバシ,826,X,X,X,X,X,O,X,X,X,X,O,O
552,ヤングース,827,O,O,O,O,X,X,X,O,X,O,X,O
553,デカグース,828,O,O,O,O,X,X,X,O,X,O,X,O
554,アゴジムシ,829,X,X,X,X,X,X,O,O,X,O,X,O
555,デンヂムシ,830,X,X,X,X,X,X,O,O,X,O,X,O
556,クワガノン,831,X,X,X,X,X,X,O,O,X,O,X,O
557,マケンカニ,832,O,O,O,O,X,X,X,O,X,O,O,O
558,ケケンカニ,833,O,O,O,O,X,X,X,O,X,O,O,O
559,オドリドリ(めらめらスタイル),834,O,O,O,O,X,X,O,O,X,O,O,O
560,オドリドリ(ぱちぱちスタイル),835,O,O,O,O,X,X,O,O,X,O,O,O
561,オドリドリ(ふらふらスタイル),836,O,O,O,O,X,X,O,O,X,O,O,O
562,オドリドリ(まいまいスタイル),837,O,O,O,O,X,X,O,O,O,O,O,O
563,アブリー,838,X,X,X,X,X,X,O,O,X,O,X,O
564,アブリボン,839,X,X,X,X,X,X,O,O,X,O,X,O
565,イワンコ,840,O,O,O,O,X,X,O,O,X,O,X,O
566,ルガルガン(まひるのすがた),841,O,O,O,O,X,X,O,O,X,O,X,O
567,ルガルガン(まよなかのすがた),842,O,O,O,O,X,X,O,O,X,O,X,O
568,ルガルガン(たそがれのすがた),843,O,O,O,O,X,X,O,O,X,O,X,O
569,ヒドイデ,846,O,O,O,O,X,X,X,O,X,O,X,O
570,ドヒドイデ,847,O,O,O,O,X,X,X,O,X,O,X,O
571,ドロバンコ,848,O,O,O,O,X,X,O,O,X,O,X,O
572,バンバドロ,849,O,O,O,O,X,X,O,O,X,O,X,O
573,シズクモ,850,X,X,X,X,X,O,X,X,X,X,O,O
574,オニシズクモ,851,X,X,X,X,X,O,X,X,X,X,O,O
575,カリキリ,852,O,O,O,O,X,X,O,O,X,O,X,O
576,ラランテス,853,O,O,O,O,X,X,O,O,X,O,X,O
577,ヤトウモリ,856,O,O,O,O,X,X,O,O,X,O,X,O
578,エンニュート,857,O,O,O,O,X,X,O,O,X,O,X,O
579,アマカジ,860,O,O,O,O,X,X,X,O,X,O,X,O
580,アママイコ,861,O,O,O,O,X,X,X,O,X,O,X,O
581,アマージョ,862,O,O,O,O,X,X,X,O,X,O,X,O
582,キュワワー,863,X,X,X,X,X,O,X,X,X,X,O,O
583,ヤレユータン,864,O,O,O,O,X,X,X,O,X,O,X,O
584,ナゲツケサル,865,O,O,O,O,X,X,X,O,X,O,X,O
585,スナバァ,868,O,O,O,O,X,X,X,O,O,O,X,O
586,シロデスナ,869,O,O,O,O,X,X,X,O,O,O,X,O
587,メテノ(コア),874,X,X,X,X,X,O,X,X,X,X,O,O
588,ネッコアラ,875,O,O,O,O,X,X,X,O,X,O,X,O
589,ミミッキュ,878,O,O,O,O,X,X,O,O,O,O,X,O
590,ハギギシリ,879,O,O,O,O,X,X,X,O,X,O,O,O
591,ジャラコ,882,X,X,X,X,X,X,O,O,X,O,X,O
592,ジャランゴ,883,X,X,X,X,X,X,O,O,X,O,X,O
593,ジャラランガ,884,X,X,X,X,X,X,O,O,X,O,X,O
594,コスモッグ,889,X,X,X,X,X,O,X,X,X,X,X,X
595,コスモウム,890,X,X,X,X,X,O,X,X,X,X,X,X
596,ソルガレオ,891,X,X,X,X,X,O,X,X,X,X,X,X
597,ルナアーラ,892,X,X,X,X,X,O,X,X,X,X,X,X
598,ネクロズマ,900,X,X,X,X,X,O,X,X,X,X,X,X
599,ネクロズマ(たそがれのたてがみ),901,X,X,X,X,X,O,X,X,X,X,X,X
600,ネクロズマ(あかつきのつばさ),902,X,X,X,X,X,O,X,X,X,X,X,X
601,マギアナ,904,X,X,X,X,X,X,X,X,X,X,X,X
602,サルノリ,913,O,X,X,X,X,X,X,O,X,O,O,O
603,バチンキー,914,O,X,X,X,X,X,X,O,X,O,O,O
604,ゴリランダー,915,O,X,X,X,X,X,X,O,X,O,O,O
605,ヒバニー,916,O,X,X,X,X,X,X,O,X,O,O,O
606,ラビフット,917,O,X,X,X,X,X,X,O,X,O,O,O
607,エースバーン,918,O,X,X,X,X,X,X,O,X,O,O,O
608,メッソン,919,O,X,X,X,X,X,X,O,X,O,O,O
609,ジメレオン,920,O,X,X,X,X,X,X,O,X,O,O,O
610,インテレオン,921,O,X,X,X,X,X,X,O,X,O,O,O
611,ホシガリス,922,O,O,O,O,X,X,O,O,X,O,X,O
612,ヨクバリス,923,O,O,O,O,X,X,O,O,X,O,X,O
613,ココガラ,924,O,O,O,O,X,X,X,O,X,O,X,O
614,アオガラス,925,O,O,O,O,X,X,X,O,X,O,X,O
615,アーマーガア,926,O,O,O,O,X,X,X,O,X,O,X,O
616,カムカメ,936,O,O,O,O,X,X,O,O,X,O,X,O
617,カジリガメ,937,O,O,O,O,X,X,O,O,X,O,X,O
618,タンドン,940,O,O,O,O,X,X,X,O,X,O,X,O
619,トロッゴン,941,O,O,O,O,X,X,X,O,X,O,X,O
620,セキタンザン,942,O,O,O,O,X,X,X,O,X,O,X,O
621,カジッチュ,943,O,O,O,O,X,X,O,O,X,O,X,O
622,アップリュー,944,O,O,O,O,X,X,O,O,X,O,X,O
623,タルップル,945,O,O,O,O,X,X,O,O,X,O,X,O
624,スナヘビ,946,O,O,O,O,X,X,X,O,X,O,X,O
625,サダイジャ,947,O,O,O,O,X,X,X,O,X,O,X,O
626,ウッウ,948,X,X,X,X,X,X,O,O,X,O,X,O
627,サシカマス,949,O,O,O,O,X,X,O,O,X,O,X,O
628,カマスジョー,950,O,O,O,O,X,X,O,O,X,O,X,O
629,エレズン,951,O,O,O,O,X,X,X,O,X,O,X,O
630,ストリンダー(ハイなすがた),952,O,O,O,O,X,X,X,O,X,O,X,O
631,ストリンダー(ローなすがた),953,O,O,O,O,X,X,X,O,X,O,X,O
632,ヤバチャ,958,O,O,O,O,X,X,X,O,O,O,O,O
633,ポットデス,959,O,O,O,O,X,X,X,O,O,O,O,O
634,ミブリム,960,O,O,O,O,X,X,O,O,X,O,X,O
635,テブリム,961,O,O,O,O,X,X,O,O,X,O,X,O
636,ブリムオン,962,O,O,O,O,X,X,O,O,X,O,X,O
637,ベロバー,963,O,O,O,O,X,X,O,O,X,O,X,O
638,ギモー,964,O,O,O,O,X,X,O,O,X,O,X,O
639,オーロンゲ,965,O,O,O,O,X,X,O,O,X,O,X,O
640,ニャイキング,967,O,X,X,X,X,X,X,O,X,O,X,O
641,マホミル,972,X,X,X,X,X,O,X,X,X,X,O,O
642,マホイップ,973,X,X,X,X,X,O,X,X,X,X,O,O
643,タイレーツ,974,O,O,O,O,X,X,X,O,X,O,X,O
644,バチンウニ,975,O,O,O,O,X,X,X,O,X,O,X,O
645,ユキハミ,976,O,O,O,O,X,X,X,O,X,O,X,O
646,モスノウ,977,O,O,O,O,X,X,X,O,X,O,X,O
647,イシヘンジン,978,O,O,O,O,X,X,X,O,X,O,X,O
648,コオリッポ(アイスフェイス),979,O,O,O,O,X,X,X,O,X,O,X,O
649,イエッサン(オスのすがた),981,O,O,O,O,X,X,O,O,X,O,X,O
650,イエッサン(メスのすがた),982,O,O,O,O,X,X,O,O,X,O,X,O
651,モルペコ,983,X,X,X,X,X,X,O,O,X,O,X,O
652,ゾウドウ,984,O,O,O,O,X,X,X,O,X,O,X,O
653,ダイオウドウ,985,O,O,O,O,X,X,X,O,X,O,X,O
654,ジュラルドン,990,X,X,X,X,X,O,X,X,X,X,O,O
655,ドラメシヤ,991,O,O,O,O,X,X,X,O,O,O,X,O
656,ドロンチ,992,O,O,O,O,X,X,X,O,O,O,X,O
657,ドラパルト,993,O,O,O,O,X,X,X,O,O,O,X,O
658,ザシアン(れきせんのゆうしゃ),994,X,X,X,X,X,X,X,X,X,X,X,X
659,ザシアン(けんのおう),995,X,X,X,X,X,X,X,X,X,X,X,X
660,ザマゼンタ(れきせんのゆうしゃ),996,X,X,X,X,X,X,X,X,X,X,X,X
661,ザマゼンタ(たてのおう),997,X,X,X,X,X,X,X,X,X,X,X,X
662,ムゲンダイナ(通常),998,X,X,X,X,X,X,X,X,X,X,X,X
663,ダクマ,1000,O,X,X,X,X,X,X,O,X,O,X,O
664,ウーラオス(いちげきのかた),1001,O,X,X,X,X,X,X,O,X,O,X,O
665,ウーラオス(れんげきのかた),1002,O,X,X,X,X,X,X,O,X,O,X,O
666,ザルード,1003,X,X,X,X,X,X,X,X,X,X,X,X
667,レジエレキ,1004,O,X,X,X,X,X,X,O,X,O,X,O
668,レジドラゴ,1005,O,X,X,X,X,X,X,O,X,O,X,O
669,ブリザポス,1006,O,X,X,X,X,X,X,O,X,O,X,O
670,レイスポス,1007,O,X,X,X,X,X,X,O,O,O,X,O
671,バドレックス(通常),1008,X,X,X,X,X,X,X,X,X,X,X,X
672,バドレックス(こくばじょうのすがた),1009,X,X,X,X,X,X,X,X,X,X,X,X
673,バドレックス(はくばじょうのすがた),1010,X,X,X,X,X,X,X,X,X,X,X,X
674,アヤシシ,1011,O,X,X,X,X,X,O,O,X,O,X,O
675,バサギリ,1012,O,X,X,X,X,X,X,O,X,O,O,O
676,ガチグマ(通常),1013,O,X,X,X,X,X,X,O,X,O,X,O
677,ガチグマ(あかつき),1014,X,X,X,X,X,X,O,O,X,O,X,O
678,イダイトウ(オスのすがた),1015,O,X,X,X,X,X,O,O,O,O,X,O
679,イダイトウ(メスのすがた),1016,O,X,X,X,X,X,O,O,O,O,X,O
680,オオニューラ,1017,O,X,X,X,X,X,X,O,X,O,X,O
681,ハリーマン,1018,O,X,X,X,X,X,X,O,X,O,X,O
682,ラブトロス(けしんフォルム),1019,O,X,X,X,X,X,X,O,X,O,X,O
683,ラブトロス(れいじゅうフォルム),1020,O,X,X,X,X,X,X,O,X,O,X,O
684,ニャオハ,1021,O,O,O,O,X,X,X,O,X,O,X,O
685,ニャローテ,1022,O,O,O,O,X,X,X,O,X,O,X,O
686,マスカーニャ,1023,O,O,O,O,X,X,X,O,X,O,X,O
687,ホゲータ,1024,O,O,O,O,X,X,X,O,X,O,X,O
688,アチゲータ,1025,O,O,O,O,X,X,X,O,X,O,X,O
689,ラウドボーン,1026,O,O,O,O,X,X,X,O,O,O,X,O
690,クワッス,1027,O,O,O,O,X,X,X,O,X,O,X,O
691,ウェルカモ,1028,O,O,O,O,X,X,X,O,X,O,X,O
692,ウェーニバル,1029,O,O,O,O,X,X,X,O,X,O,X,O
693,グルトン,1030,O,O,O,O,X,X,X,O,X,O,X,O
694,パフュートン(オスのすがた),1031,O,O,O,O,X,X,X,O,X,O,X,O
695,パフュートン(メスのすがた),1032,O,O,O,O,X,X,X,O,X,O,X,O
696,タマンチュラ,1033,O,O,O,O,X,X,X,O,X,O,X,O
697,ワナイダー,1034,O,O,O,O,X,X,X,O,X,O,X,O
698,マメバッタ,1035,O,O,O,O,X,X,X,O,X,O,X,O
699,エクスレッグ,1036,O,O,O,O,X,X,X,O,X,O,X,O
700,パモ,1037,O,O,O,O,X,X,X,O,X,O,X,O
701,パモット,1038,O,O,O,O,X,X,X,O,X,O,X,O
702,パーモット,1039,O,O,O,O,X,X,X,O,X,O,X,O
703,ワッカネズミ,1040,O,O,O,O,X,X,O,O,X,O,X,O
704,イッカネズミ(3びきかぞく),1041,O,O,O,O,X,X,O,O,X,O,X,O
705,イッカネズミ(4ひきかぞく),1042,O,O,O,O,X,X,O,O,X,O,X,O
706,パピモッチ,1043,O,O,O,O,X,X,X,O,X,O,X,O
707,バウッツェル,1044,O,O,O,O,X,X,X,O,X,O,X,O
708,ミニーブ,1045,O,O,O,O,X,X,X,O,X,O,X,O
709,オリーニョ,1046,O,O,O,O,X,X,X,O,X,O,X,O
710,オリーヴァ,1047,O,O,O,O,X,X,X,O,X,O,X,O
711,イキリンコ(グリーンフェザー),1048,O,O,O,O,X,X,X,O,X,O,X,O
712,コジオ,1052,O,O,O,O,X,X,X,O,X,O,X,O
713,ジオヅム,1053,O,O,O,O,X,X,X,O,X,O,X,O
714,キョジオーン,1054,O,O,O,O,X,X,X,O,X,O,X,O
715,カルボウ,1055,O,O,O,O,X,X,X,O,X,O,X,O
716,グレンアルマ,1056,O,O,O,O,X,X,X,O,X,O,X,O
717,ソウブレイズ,1057,O,O,O,O,X,X,X,O,O,O,X,O
718,ズピカ,1058,O,O,O,O,X,X,X,O,X,O,X,O
719,ハラバリー,1059,O,O,O,O,X,X,X,O,X,O,X,O
720,カイデン,1060,O,O,O,O,X,X,X,O,X,O,X,O
721,タイカイデン,1061,O,O,O,O,X,X,X,O,X,O,X,O
722,オラチフ,1062,O,O,O,O,X,X,X,O,X,O,X,O
723,マフィティフ,1063,O,O,O,O,X,X,X,O,X,O,X,O
724,シルシュルー,1064,O,O,O,O,X,X,X,O,X,O,X,O
725,タギングル,1065,O,O,O,O,X,X,X,O,X,O,X,O
726,アノクサ,1066,O,O,O,O,X,X,X,O,O,O,X,O
727,アノホラグサ,1067,O,O,O,O,X,X,X,O,O,O,X,O
728,ノノクラゲ,1068,O,O,O,O,X,X,O,O,X,O,X,O
729,リククラゲ,1069,O,O,O,O,X,X,O,O,X,O,X,O
730,ガケガニ,1070,O,O,O,O,X,X,X,O,X,O,X,O
731,カプサイジ,1071,O,O,O,O,X,X,X,O,X,O,X,O
732,スコヴィラン,1072,O,O,O,O,X,X,X,O,X,O,X,O
733,シガロコ,1073,O,O,O,O,X,X,X,O,X,O,O,O
734,ベラカス,1074,O,O,O,O,X,X,X,O,X,O,O,O
735,ヒラヒナ,1075,O,O,O,O,X,X,X,O,X,O,X,O
736,クエスパトラ,1076,O,O,O,O,X,X,X,O,X,O,X,O
737,カヌチャン,1077,O,O,O,O,X,X,X,O,X,O,X,O
738,ナカヌチャン,1078,O,O,O,O,X,X,X,O,X,O,X,O
739,デカヌチャン,1079,O,O,O,O,X,X,X,O,X,O,X,O
740,ウミディグダ,1080,O,O,O,O,X,X,X,O,X,O,X,O
741,ウミトリオ,1081,O,O,O,O,X,X,X,O,X,O,X,O
742,オトシドリ,1082,O,O,O,O,X,X,O,O,X,O,X,O
743,ナミイルカ,1083,O,O,O,O,X,X,X,O,X,O,X,O
744,イルカマン(マイティフォルム),1085,O,O,O,O,X,X,X,O,X,O,X,O
745,ブロロン,1086,O,O,O,O,X,X,X,O,X,O,X,O
746,ブロロローム,1087,O,O,O,O,X,X,X,O,X,O,X,O
747,モトトカゲ,1088,O,O,O,O,X,X,X,O,X,O,X,O
748,ミミズズ,1089,O,O,O,O,X,X,O,O,X,O,X,O
749,キラーメ,1090,O,O,O,O,X,X,O,O,X,O,X,O
750,キラフロル,1091,O,O,O,O,X,X,O,O,X,O,X,O
751,ボチ,1092,O,O,O,O,X,X,X,O,O,O,X,O
752,ハカドッグ,1093,O,O,O,O,X,X,X,O,O,O,X,O
753,カラミンゴ,1094,O,O,O,O,X,X,X,O,X,O,X,O
754,アルクジラ,1095,O,O,O,O,X,X,X,O,X,O,X,O
755,ハルクジラ,1096,O,O,O,O,X,X,X,O,X,O,X,O
756,ミガルーサ,1097,O,O,O,O,X,X,X,O,X,O,X,O
757,ヘイラッシャ,1098,O,O,O,O,X,X,X,O,X,O,X,O
758,シャリタツ(そったすがた),1099,O,O,O,O,X,X,X,O,X,O,X,O
759,シャリタツ(たれたすがた),1100,O,O,O,O,X,X,X,O,X,O,X,O
760,シャリタツ(のびたすがた),1101,O,O,O,O,X,X,X,O,X,O,X,O
761,コノヨザル,1102,O,O,O,O,X,X,O,O,O,O,X,O
762,ドオー,1103,O,O,O,O,X,X,X,O,X,O,X,O
763,リキキリン,1104,O,O,O,O,X,X,X,O,X,O,O,O
764,ノココッチ(ふたふしフォルム),1105,O,O,O,O,X,X,O,O,X,O,X,O
765,ドドゲザン,1107,O,O,O,O,X,X,O,O,X,O,X,O
766,イダイナキバ,1108,O,O,O,X,X,X,X,O,X,O,X,O
767,サケブシッポ,1109,O,O,O,X,X,X,X,O,X,O,X,O
768,アラブルタケ,1110,O,O,O,X,X,X,X,O,X,O,X,O
769,ハバタクカミ,1111,O,O,O,X,X,X,X,O,O,O,X,O
770,チヲハウハネ,1112,O,O,O,X,X,X,X,O,X,O,X,O
771,スナノケガワ,1113,O,O,O,X,X,X,X,O,X,O,X,O
772,テツノワダチ,1114,O,O,O,X,X,X,X,O,X,O,X,O
773,テツノツツミ,1115,O,O,O,X,X,X,X,O,X,O,X,O
774,テツノカイナ,1116,O,O,O,X,X,X,X,O,X,O,X,O
775,テツノコウベ,1117,O,O,O,X,X,X,X,O,X,O,X,O
776,テツノドクガ,1118,O,O,O,X,X,X,X,O,X,O,X,O
777,テツノイバラ,1119,O,O,O,X,X,X,X,O,X,O,X,O
778,セビエ,1120,O,O,O,O,X,X,X,O,X,O,X,O
779,セゴール,1121,O,O,O,O,X,X,X,O,X,O,X,O
780,セグレイブ,1122,O,O,O,O,X,X,X,O,X,O,X,O
781,コレクレー(とほフォルム),1123,O,X,X,X,X,X,X,O,O,O,X,O
782,コレクレー(はこフォルム),1124,O,O,O,O,X,X,X,O,O,O,X,O
783,サーフゴー,1125,O,O,O,O,X,X,X,O,O,O,X,O
784,チオンジェン,1126,O,O,X,X,X,X,X,O,X,O,X,O
785,パオジアン,1127,O,O,X,X,X,X,X,O,X,O,X,O
786,ディンルー,1128,O,O,X,X,X,X,X,O,X,O,X,O
787,イーユイ,1129,O,O,X,X,X,X,X,O,X,O,X,O
788,トドロクツキ,1130,O,O,O,O,X,X,X,O,X,O,X,O
789,テツノブジン,1131,O,O,O,O,X,X,X,O,X,O,X,O
790,コライドン(かんぜんけい),1132,X,X,X,X,X,X,X,X,X,O,X,X
791,ミライドン(かんぜんけい),1134,X,X,X,X,X,X,X,X,X,O,X,X
792,ウネルミナモ,1136,X,X,X,X,X,X,X,X,X,X,X,O
793,テツノイサハ,1137,X,X,X,X,X,X,X,X,X,X,X,O
794,カミッチュ,1138,O,X,X,X,X,X,O,O,X,O,X,O
795,チャデス,1139,O,X,X,X,X,X,O,O,O,O,X,O
796,ヤバソチャ,1140,O,X,X,X,X,X,O,O,O,O,X,O
797,イイネイヌ,1141,O,X,X,X,X,X,O,O,X,O,X,O
798,マシマシラ,1142,O,X,X,X,X,X,O,O,X,O,X,O
799,キチキギス,1143,O,X,X,X,X,X,O,O,X,O,X,O
800,オーガポン(みどりのめん),1144,O,X,X,X,X,X,O,O,X,O,X,O
801,オーガポン(いどのめん),1145,O,X,X,X,X,X,O,O,X,O,X,O
802,オーガポン(かまどのめん),1146,O,X,X,X,X,X,O,O,X,O,X,O
803,オーガポン(いしずえのめん),1147,O,X,X,X,X,X,O,O,X,O,X,O
804,ブリジュラス,1148,X,X,X,X,X,O,X,X,X,X,O,O
805,カミツオロチ,1149,X,X,X,X,X,O,X,X,X,X,O,O
806,ウガツホムラ,1150,X,X,X,X,X,O,X,X,X,X,O,O
807,タケルライコ,1151,X,X,X,X,X,O,X,X,X,X,O,O
808,テツノイワオ,1152,X,X,X,X,X,O,X,X,X,X,O,O
809,テツノカシラ,1153,X,X,X,X,X,O,X,X,X,X,O,O
810,テラパゴス(ノーマルフォルム),1154,X,X,X,X,X,O,X,X,X,X,O,X
811,テラパゴス(テラスタルフォルム),1155,X,X,X,X,X,O,X,X,X,X,O,X
812,テラパゴス(ステラフォルム),1156,X,X,X,X,X,O,X,X,X,X,O,X